Application,ProcessID,SwapChainAddress,PresentRuntime,SyncInterval,PresentFlags,AllowsTearing,PresentMode,CPUStartTime,FrameTime,CPUBusy,CPUWait,GPULatency,GPUTime,GPUBusy,GPUWait,DisplayLatency,DisplayedTime,AnimationError,AnimationTime,MsFlipDelay,AllInputToPhotonLatency,ClickToPhotonLatency
cs2.exe,40188,0x805E6D5A60,DXGI,0,0,0,Composed: Flip,22.3961,22.4901,22.3684,0.1217,22.1974,3.6414,3.2263,0.4151,36.3260,24.9973,NA,22.3961,NA,NA,NA
cs2.exe,40188,0x805E6D5A60,DXGI,0,0,0,Composed: Flip,44.8862,24.4559,24.3238,0.1321,24.1075,3.5350,2.9774,0.5576,38.8332,25.0193,-2.5072,44.8862,NA,NA,NA
cs2.exe,40188,0x805E6D5A60,DXGI,0,0,0,Composed: Flip,69.3421,25.9557,25.7769,0.1788,25.5544,3.5589,2.9934,0.5655,39.3966,29.1721,-0.5634,69.3421,NA,NA,NA
cs2.exe,40188,0x805E6D5A60,DXGI,0,0,0,Composed: Flip,95.2978,28.2019,28.0236,0.1783,27.5902,4.1506,3.2577,0.8929,42.6130,24.9922,-3.2164,95.2978,NA,NA,NA
cs2.exe,40188,0x805E6D5A60,DXGI,0,0,0,Composed: Flip,123.4997,25.3811,25.1941,0.1870,24.7879,4.1734,3.5034,0.6700,39.4033,29.1799,3.2097,123.4997,NA,NA,NA
cs2.exe,40188,0x805E6D5A60,DXGI,0,0,0,Composed: Flip,148.8808,28.0091,27.8122,0.1969,27.5709,4.1994,3.2467,0.9527,43.2021,25.0259,-3.7988,148.8808,NA,NA,NA
cs2.exe,40188,0x805E6D5A60,DXGI,0,0,0,Composed: Flip,176.8899,26.3959,26.2134,0.1825,25.5120,4.4391,3.1912,1.2479,40.2189,24.9792,2.9832,176.8899,NA,NA,NA
cs2.exe,40188,0x805E6D5A60,DXGI,0,0,0,Composed: Flip,203.2858,23.7130,23.5642,0.1488,23.3696,4.2846,3.5209,0.7637,38.8022,25.0070,1.4167,203.2858,NA,NA,NA
cs2.exe,40188,0x805E6D5A60,DXGI,0,0,0,Composed: Flip,226.9988,24.8582,24.6410,0.2172,24.4228,3.3887,3.0503,0.3384,40.0962,20.8365,-1.2940,226.9988,NA,NA,NA
cs2.exe,40188,0x805E6D5A60,DXGI,0,0,0,Composed: Flip,251.8570,23.6687,23.5039,0.1648,23.2983,3.7734,3.3518,0.4216,36.0745,25.0180,4.0217,251.8570,NA,NA,NA
cs2.exe,40188,0x805E6D5A60,DXGI,0,0,0,Composed: Flip,275.5257,24.3991,24.2253,0.1738,23.5803,4.0300,3.6036,0.4264,37.4238,24.9891,-1.3493,275.5257,NA,NA,NA
cs2.exe,40188,0x805E6D5A60,DXGI,0,0,0,Composed: Flip,299.9248,24.6727,24.4999,0.1728,24.2016,3.6143,3.0859,0.5284,38.0138,25.0094,-0.5900,299.9248,NA,NA,NA
cs2.exe,40188,0x805E6D5A60,DXGI,0,0,0,Composed: Flip,324.5975,23.2359,23.0397,0.1962,22.7285,3.7663,3.1589,0.6074,38.3505,20.8306,-0.3367,324.5975,NA,NA,NA
cs2.exe,40188,0x805E6D5A60,DXGI,0,0,0,Composed: Flip,347.8334,23.6654,23.4898,0.1756,22.7729,3.9062,3.0653,0.8409,35.9452,20.8450,2.4053,347.8334,NA,NA,NA
cs2.exe,40188,0x805E6D5A60,DXGI,0,0,0,Composed: Flip,371.4988,22.0356,21.8974,0.1382,21.6606,3.1445,2.8577,0.2868,33.1248,24.9940,2.8204,371.4988,NA,NA,NA
cs2.exe,40188,0x805E6D5A60,DXGI,0,0,0,Composed: Flip,393.5344,22.8200,22.7124,0.1076,22.3621,3.3186,2.9987,0.3199,36.0832,25.0076,-2.9584,393.5344,NA,NA,NA
cs2.exe,40188,0x805E6D5A60,DXGI,0,0,0,Composed: Flip,416.3544,23.3142,23.1898,0.1244,22.8134,3.1231,2.8432,0.2799,38.2708,20.8386,-2.1876,416.3544,NA,NA,NA
cs2.exe,40188,0x805E6D5A60,DXGI,0,0,0,Composed: Flip,439.6686,23.4140,23.2756,0.1384,23.0956,3.6455,3.4234,0.2221,35.7952,24.9952,2.4756,439.6686,NA,NA,NA
cs2.exe,40188,0x805E6D5A60,DXGI,0,0,0,Composed: Flip,463.0826,22.1798,22.0591,0.1207,21.7811,3.3108,3.0052,0.3056,37.3764,20.8482,-1.5812,463.0826,NA,NA,NA
cs2.exe,40188,0x805E6D5A60,DXGI,0,0,0,Composed: Flip,485.2624,22.4506,22.3524,0.0982,22.0353,3.2312,2.9707,0.2605,36.0448,25.0106,1.3316,485.2624,NA,NA,NA
cs2.exe,40188,0x805E6D5A60,DXGI,0,0,0,Composed: Flip,507.7130,23.4784,23.3709,0.1075,23.2147,3.0943,2.7188,0.3755,38.6048,16.6616,-2.5600,507.7130,NA,NA,NA
cs2.exe,40188,0x805E6D5A60,DXGI,0,0,0,Composed: Flip,531.1914,23.5391,23.3691,0.1700,22.4418,3.5382,2.7425,0.7957,31.7880,20.8612,6.8168,531.1914,NA,NA,NA
cs2.exe,40188,0x805E6D5A60,DXGI,0,0,0,Composed: Flip,554.7305,24.5718,24.1424,0.4294,23.9122,3.5127,2.8186,0.6941,29.1101,24.9931,2.6779,554.7305,NA,NA,NA
cs2.exe,40188,0x805E6D5A60,DXGI,0,0,0,Composed: Flip,579.3023,24.3119,24.0890,0.2229,24.0005,3.5675,2.7623,0.8052,29.5314,25.0069,-0.4213,579.3023,NA,NA,NA
cs2.exe,40188,0x805E6D5A60,DXGI,0,0,0,Composed: Flip,603.6142,25.2225,24.9503,0.2722,24.6720,3.8365,2.7430,1.0935,30.2264,25.0156,-0.6950,603.6142,NA,NA,NA
cs2.exe,40188,0x805E6D5A60,DXGI,0,0,0,Composed: Flip,628.8367,24.4565,24.2167,0.2398,23.9105,3.3842,2.7158,0.6684,30.0195,24.9967,0.2069,628.8367,NA,NA,NA
cs2.exe,40188,0x805E6D5A60,DXGI,0,0,0,Composed: Flip,653.2932,25.2195,25.0339,0.1856,24.6843,3.4986,2.7553,0.7433,30.5597,25.0009,-0.5402,653.2932,NA,NA,NA
cs2.exe,40188,0x805E6D5A60,DXGI,0,0,0,Composed: Flip,678.5127,24.2683,24.0648,0.2035,23.5155,3.4569,2.6619,0.7950,30.3411,25.0081,0.2186,678.5127,NA,NA,NA
cs2.exe,40188,0x805E6D5A60,DXGI,0,0,0,Composed: Flip,702.7810,24.8815,24.6881,0.1934,24.3888,3.4807,2.7415,0.7392,31.0809,20.8271,-0.7398,702.7810,NA,NA,NA
cs2.exe,40188,0x805E6D5A60,DXGI,0,0,0,Composed: Flip,727.6625,23.0021,22.8050,0.1971,22.2328,3.5685,2.7159,0.8526,27.0265,25.0099,4.0544,727.6625,NA,NA,NA
cs2.exe,40188,0x805E6D5A60,DXGI,0,0,0,Composed: Flip,750.6646,23.6576,23.4690,0.1886,23.3283,3.2737,2.6845,0.5892,29.0343,24.9956,-2.0078,750.6646,NA,NA,NA
cs2.exe,40188,0x805E6D5A60,DXGI,0,0,0,Composed: Flip,774.3222,23.5746,23.3940,0.1806,23.1694,3.0736,2.7093,0.3643,30.3723,25.0133,-1.3380,774.3222,NA,NA,NA
cs2.exe,40188,0x805E6D5A60,DXGI,0,0,0,Composed: Flip,797.8968,23.7005,23.4716,0.2289,23.1894,3.5869,2.7132,0.8737,31.8110,20.8542,-1.4387,797.8968,NA,NA,NA
cs2.exe,40188,0x805E6D5A60,DXGI,0,0,0,Composed: Flip,821.5973,24.0490,23.8492,0.1998,23.5802,3.1662,2.6807,0.4855,28.9647,24.9904,2.8463,821.5973,NA,NA,NA
cs2.exe,40188,0x805E6D5A60,DXGI,0,0,0,Composed: Flip,845.6463,22.5649,22.4033,0.1616,22.1956,3.3644,2.8245,0.5399,29.9061,20.8362,-0.9414,845.6463,NA,NA,NA
cs2.exe,40188,0x805E6D5A60,DXGI,0,0,0,Composed: Flip,868.2112,23.8911,23.6527,0.2384,23.1208,3.4376,2.7315,0.7061,28.1774,24.9882,1.7287,868.2112,NA,NA,NA
cs2.exe,40188,0x805E6D5A60,DXGI,0,0,0,Composed: Flip,892.1023,23.3665,23.2344,0.1321,22.5510,3.4902,2.7681,0.7221,29.2745,20.8777,-1.0971,892.1023,NA,NA,NA
cs2.exe,40188,0x805E6D5A60,DXGI,0,0,0,Composed: Flip,915.4688,22.3430,22.1825,0.1605,21.9711,2.9600,2.6384,0.3216,26.7857,25.0129,2.4888,915.4688,NA,NA,NA
cs2.exe,40188,0x805E6D5A60,DXGI,0,0,0,Composed: Flip,937.8118,23.0797,22.9182,0.1615,22.6442,3.8082,3.3694,0.4388,29.4556,20.8051,-2.6699,937.8118,NA,NA,NA
cs2.exe,40188,0x805E6D5A60,DXGI,0,0,0,Composed: Flip,960.8915,23.2640,23.0959,0.1681,22.7934,3.0365,2.7555,0.2810,27.1810,24.9927,2.2746,960.8915,NA,NA,NA
cs2.exe,40188,0x805E6D5A60,DXGI,0,0,0,Composed: Flip,984.1555,23.6311,23.4209,0.2102,22.8319,3.0250,2.6857,0.3393,28.9097,25.0219,-1.7287,984.1555,NA,NA,NA
cs2.exe,40188,0x805E6D5A60,DXGI,0,0,0,Composed: Flip,1007.7866,24.4882,24.3146,0.1736,24.0993,3.9903,3.3312,0.6591,30.3005,25.0007,-1.3908,1007.7866,NA,NA,NA
cs2.exe,40188,0x805E6D5A60,DXGI,0,0,0,Composed: Flip,1032.2748,23.6735,22.9777,0.6958,22.8016,3.1042,2.7229,0.3813,30.8130,20.8370,-0.5125,1032.2748,NA,NA,NA
cs2.exe,40188,0x805E6D5A60,DXGI,0,0,0,Composed: Flip,1055.9483,21.7465,21.5841,0.1624,21.2904,3.0295,2.7041,0.3254,27.9765,25.0036,2.8365,1055.9483,NA,NA,NA
cs2.exe,40188,0x805E6D5A60,DXGI,0,0,0,Composed: Flip,1077.6948,24.0555,23.8754,0.1801,23.1232,3.8472,2.8388,1.0084,31.2336,25.0130,-3.2571,1077.6948,NA,NA,NA
cs2.exe,40188,0x805E6D5A60,DXGI,0,0,0,Composed: Flip,1101.7503,23.3168,23.1202,0.1966,22.6187,3.3010,2.9879,0.3131,32.1911,20.8327,-0.9575,1101.7503,NA,NA,NA
cs2.exe,40188,0x805E6D5A60,DXGI,0,0,0,Composed: Flip,1125.0671,23.6604,23.4587,0.2017,23.2299,3.0848,2.7193,0.3655,29.7070,25.0085,2.4841,1125.0671,NA,NA,NA
cs2.exe,40188,0x805E6D5A60,DXGI,0,0,0,Composed: Flip,1148.7275,23.8913,23.6896,0.2017,23.3558,3.1957,2.7316,0.4641,31.0551,25.0161,-1.3481,1148.7275,NA,NA,NA
cs2.exe,40188,0x805E6D5A60,DXGI,0,0,0,Composed: Flip,1172.6188,22.7095,22.5474,0.1621,22.1987,3.0748,2.8023,0.2725,32.1799,20.8208,-1.1248,1172.6188,NA,NA,NA
cs2.exe,40188,0x805E6D5A60,DXGI,0,0,0,Composed: Flip,1195.3283,22.9546,22.8068,0.1478,22.5157,3.0792,2.8087,0.2705,30.2912,20.8276,1.8887,1195.3283,NA,NA,NA
cs2.exe,40188,0x805E6D5A60,DXGI,0,0,0,Composed: Flip,1218.2829,22.4479,22.2214,0.2265,21.7298,3.1136,2.6793,0.4343,28.1642,25.0109,2.1270,1218.2829,NA,NA,NA
cs2.exe,40188,0x805E6D5A60,DXGI,0,0,0,Composed: Flip,1240.7308,23.6029,23.4633,0.1396,22.9959,3.5407,2.7583,0.7824,30.7272,20.8230,-2.5630,1240.7308,NA,NA,NA
cs2.exe,40188,0x805E6D5A60,DXGI,0,0,0,Composed: Flip,1264.3337,22.0173,21.8659,0.1514,21.6561,3.0230,2.7028,0.3202,27.9473,20.8419,2.7799,1264.3337,NA,NA,NA
cs2.exe,40188,0x805E6D5A60,DXGI,0,0,0,Composed: Flip,1286.3510,22.1623,22.0322,0.1301,21.7638,3.1649,2.7617,0.4032,26.7719,25.0005,1.1754,1286.3510,NA,NA,NA
cs2.exe,40188,0x805E6D5A60,DXGI,0,0,0,Composed: Flip,1308.5133,22.5888,22.4681,0.1207,22.1025,2.9696,2.6840,0.2856,29.6101,20.8371,-2.8382,1308.5133,NA,NA,NA
cs2.exe,40188,0x805E6D5A60,DXGI,0,0,0,Composed: Flip,1331.1021,22.1920,22.0833,0.1087,21.8766,2.8900,2.6707,0.2193,27.8584,20.8359,1.7517,1331.1021,NA,NA,NA
cs2.exe,40188,0x805E6D5A60,DXGI,0,0,0,Composed: Flip,1353.2941,21.3902,21.2677,0.1225,20.9994,2.9215,2.6283,0.2932,26.5023,25.0190,1.3561,1353.2941,NA,NA,NA
cs2.exe,40188,0x805E6D5A60,DXGI,0,0,0,Composed: Flip,1374.6843,22.6159,22.4937,0.1222,22.2013,2.9358,2.6381,0.2977,30.1311,20.8256,-3.6288,1374.6843,NA,NA,NA
cs2.exe,40188,0x805E6D5A60,DXGI,0,0,0,Composed: Flip,1397.3002,22.1501,21.9995,0.1506,21.6992,2.9383,2.6580,0.2803,28.3408,20.8307,1.7903,1397.3002,NA,NA,NA
cs2.exe,40188,0x805E6D5A60,DXGI,0,0,0,Composed: Flip,1419.4503,22.5610,22.4330,0.1280,22.1013,2.8692,2.6458,0.2234,27.0214,25.0124,1.3194,1419.4503,NA,NA,NA
cs2.exe,40188,0x805E6D5A60,DXGI,0,0,0,Composed: Flip,1442.0113,22.7810,22.6267,0.1543,22.1456,3.1942,2.6385,0.5557,29.4728,25.0103,-2.4514,1442.0113,NA,NA,NA
cs2.exe,40188,0x805E6D5A60,DXGI,0,0,0,Composed: Flip,1464.7923,22.6084,22.4962,0.1122,22.2368,2.9617,2.6395,0.3222,31.7021,20.8668,-2.2293,1464.7923,NA,NA,NA
cs2.exe,40188,0x805E6D5A60,DXGI,0,0,0,Composed: Flip,1487.4007,23.0150,22.8581,0.1569,22.5833,3.0356,2.6732,0.3624,29.9605,20.7973,1.7416,1487.4007,NA,NA,NA
cs2.exe,40188,0x805E6D5A60,DXGI,0,0,0,Composed: Flip,1510.4157,22.5755,22.4137,0.1618,22.1201,3.4482,3.1732,0.2750,27.7428,25.0285,2.2177,1510.4157,NA,NA,NA
cs2.exe,40188,0x805E6D5A60,DXGI,0,0,0,Composed: Flip,1532.9912,23.2187,23.0177,0.2010,22.9591,3.1863,2.6951,0.4912,30.1958,25.0150,-2.4530,1532.9912,NA,NA,NA
cs2.exe,40188,0x805E6D5A60,DXGI,0,0,0,Composed: Flip,1556.2099,24.0524,23.8133,0.2391,23.2794,3.5423,2.7662,0.7761,31.9921,25.0081,-1.7963,1556.2099,NA,NA,NA
cs2.exe,40188,0x805E6D5A60,DXGI,0,0,0,Composed: Flip,1580.2623,25.0980,24.8594,0.2386,24.4695,3.7100,2.7112,0.9988,32.9478,20.8320,-0.9557,1580.2623,NA,NA,NA
cs2.exe,40188,0x805E6D5A60,DXGI,0,0,0,Composed: Flip,1605.3603,23.2139,22.9742,0.2397,22.2845,3.7515,2.7685,0.9830,28.6818,25.0229,4.2660,1605.3603,NA,NA,NA
cs2.exe,40188,0x805E6D5A60,DXGI,0,0,0,Composed: Flip,1628.5742,24.8005,24.5651,0.2354,23.9654,3.5588,2.7291,0.8297,30.4908,24.9866,-1.8090,1628.5742,NA,NA,NA
cs2.exe,40188,0x805E6D5A60,DXGI,0,0,0,Composed: Flip,1653.3747,25.6741,25.4464,0.2277,25.0935,3.5478,2.7592,0.7886,30.6769,25.0017,-0.1861,1653.3747,NA,NA,NA
cs2.exe,40188,0x805E6D5A60,DXGI,0,0,0,Composed: Flip,1679.0488,24.4050,24.1538,0.2512,23.4596,3.1178,2.7121,0.4057,30.0045,24.9974,0.6724,1679.0488,NA,NA,NA
cs2.exe,40188,0x805E6D5A60,DXGI,0,0,0,Composed: Flip,1703.4538,25.1181,24.9095,0.2086,24.2452,3.1429,2.7001,0.4428,30.5969,25.0076,-0.5924,1703.4538,NA,NA,NA
cs2.exe,40188,0x805E6D5A60,DXGI,0,0,0,Composed: Flip,1728.5719,23.5234,23.2961,0.2273,22.8581,3.5557,2.6918,0.8639,30.4864,20.8455,0.1105,1728.5719,NA,NA,NA
cs2.exe,40188,0x805E6D5A60,DXGI,0,0,0,Composed: Flip,1752.0953,23.6906,23.5311,0.1595,23.2824,3.0106,2.7689,0.2417,27.8085,29.1881,2.6779,1752.0953,NA,NA,NA
cs2.exe,40188,0x805E6D5A60,DXGI,0,0,0,Composed: Flip,1775.7859,24.5176,24.3374,0.1802,23.9450,4.1160,3.2368,0.8792,33.3060,20.8193,-5.4975,1775.7859,NA,NA,NA
cs2.exe,40188,0x805E6D5A60,DXGI,0,0,0,Composed: Flip,1800.3035,23.8638,23.6512,0.2126,22.9327,5.1557,4.4190,0.7367,29.6077,24.9884,3.6983,1800.3035,NA,NA,NA
cs2.exe,40188,0x805E6D5A60,DXGI,0,0,0,Composed: Flip,1824.1673,25.0972,24.8283,0.2689,24.3280,4.8597,4.1436,0.7161,30.7323,25.0283,-1.1246,1824.1673,NA,NA,NA
cs2.exe,40188,0x805E6D5A60,DXGI,0,0,0,Composed: Flip,1849.2645,24.0373,23.8650,0.1723,23.3106,4.3582,4.1536,0.2046,30.6634,25.0015,0.0689,1849.2645,NA,NA,NA
cs2.exe,40188,0x805E6D5A60,DXGI,0,0,0,Composed: Flip,1873.3018,22.7520,22.6142,0.1378,22.2958,4.5071,4.1915,0.3156,31.6276,20.8144,-0.9642,1873.3018,NA,NA,NA
cs2.exe,40188,0x805E6D5A60,DXGI,0,0,0,Composed: Flip,1896.0538,23.1483,22.9862,0.1621,22.7324,4.4818,4.1527,0.3291,29.6900,29.1742,1.9376,1896.0538,NA,NA,NA
cs2.exe,40188,0x805E6D5A60,DXGI,0,0,0,Composed: Flip,1919.2021,23.1633,23.0408,0.1225,22.7144,5.3283,4.9953,0.3330,35.7159,25.0138,-6.0259,1919.2021,NA,NA,NA
cs2.exe,40188,0x805E6D5A60,DXGI,0,0,0,Composed: Flip,1942.3654,22.0468,21.9346,0.1122,21.6171,5.8186,5.5812,0.2374,37.5664,20.8428,-1.8505,1942.3654,NA,NA,NA
cs2.exe,40188,0x805E6D5A60,DXGI,0,0,0,Composed: Flip,1964.4122,22.6277,22.5212,0.1065,22.1259,5.3060,4.8820,0.4240,36.3624,25.0053,1.2040,1964.4122,NA,NA,NA
cs2.exe,40188,0x805E6D5A60,DXGI,0,0,0,Composed: Flip,1987.0399,23.6684,23.3825,0.2859,23.4240,5.7422,5.0379,0.7043,38.7400,25.0085,-2.3776,1987.0399,NA,NA,NA
cs2.exe,40188,0x805E6D5A60,DXGI,0,0,0,Composed: Flip,2010.7083,24.9750,24.4658,0.5092,24.0936,6.4347,6.1552,0.2795,40.0801,16.6649,-1.3401,2010.7083,NA,NA,NA
cs2.exe,40188,0x805E6D5A60,DXGI,0,0,0,Composed: Flip,2035.6833,25.8915,25.6740,0.2175,25.2102,4.9727,4.2597,0.7130,31.7700,25.0210,8.3101,2035.6833,NA,NA,NA
cs2.exe,40188,0x805E6D5A60,DXGI,0,0,0,Composed: Flip,2061.5748,24.9610,24.7352,0.2258,24.2454,4.9631,4.2672,0.6959,30.8995,29.1582,0.8705,2061.5748,NA,NA,NA
cs2.exe,40188,0x805E6D5A60,DXGI,0,0,0,Composed: Flip,2086.5358,25.7857,25.5434,0.2423,25.2360,4.7097,4.3789,0.3308,35.0967,24.9968,-4.1972,2086.5358,NA,NA,NA
cs2.exe,40188,0x805E6D5A60,DXGI,0,0,0,Composed: Flip,2112.3215,24.3942,24.2321,0.1621,24.0253,4.9793,4.6292,0.3501,34.3078,20.8439,0.7889,2112.3215,NA,NA,NA
cs2.exe,40188,0x805E6D5A60,DXGI,0,0,0,Composed: Flip,2136.7157,22.5439,22.3920,0.1519,22.1308,4.8587,4.2413,0.6174,30.7575,25.0293,3.5503,2136.7157,NA,NA,NA
cs2.exe,40188,0x805E6D5A60,DXGI,0,0,0,Composed: Flip,2159.2596,23.9247,23.7503,0.1744,23.2322,5.2223,4.3109,0.9114,33.2429,20.8118,-2.4854,2159.2596,NA,NA,NA
cs2.exe,40188,0x805E6D5A60,DXGI,0,0,0,Composed: Flip,2183.1843,23.2160,23.0725,0.1435,22.8302,4.4619,4.2193,0.2426,30.1300,25.0152,3.1129,2183.1843,NA,NA,NA
cs2.exe,40188,0x805E6D5A60,DXGI,0,0,0,Composed: Flip,2206.4003,22.4735,22.3016,0.1719,22.1924,4.6441,4.1960,0.4481,31.9292,20.8450,-1.7992,2206.4003,NA,NA,NA
cs2.exe,40188,0x805E6D5A60,DXGI,0,0,0,Composed: Flip,2228.8738,22.6829,22.5144,0.1685,22.3112,4.7150,4.3835,0.3315,30.3007,24.9917,1.6285,2228.8738,NA,NA,NA
cs2.exe,40188,0x805E6D5A60,DXGI,0,0,0,Composed: Flip,2251.5567,25.4235,25.2045,0.2190,24.8863,4.7948,4.3228,0.4720,32.6095,20.8320,-2.3088,2251.5567,NA,NA,NA
cs2.exe,40188,0x805E6D5A60,DXGI,0,0,0,Composed: Flip,2276.9802,22.2147,22.0240,0.1907,21.6084,5.2202,5.0314,0.1888,28.0180,25.0045,4.5915,2276.9802,NA,NA,NA
cs2.exe,40188,0x805E6D5A60,DXGI,0,0,0,Composed: Flip,2299.1949,23.5980,23.4724,0.1256,23.2335,4.4996,4.3104,0.1892,30.8078,25.0016,-2.7898,2299.1949,NA,NA,NA
cs2.exe,40188,0x805E6D5A60,DXGI,0,0,0,Composed: Flip,2322.7929,22.8709,22.7027,0.1682,22.2812,4.8381,4.3291,0.5090,32.2114,20.8206,-1.4036,2322.7929,NA,NA,NA
cs2.exe,40188,0x805E6D5A60,DXGI,0,0,0,Composed: Flip,2345.6638,22.8204,22.4864,0.3340,22.2067,4.6913,4.6864,0.0049,30.1611,25.0147,2.0503,2345.6638,NA,NA,NA
cs2.exe,40188,0x805E6D5A60,DXGI,0,0,0,Composed: Flip,2368.4842,22.2467,22.0930,0.1537,21.7954,4.4672,4.2541,0.2131,32.3554,20.8332,-2.1943,2368.4842,NA,NA,NA
cs2.exe,40188,0x805E6D5A60,DXGI,0,0,0,Composed: Flip,2390.7309,22.3506,22.2126,0.1380,21.9098,4.4022,4.3054,0.0968,30.9419,20.8336,1.4135,2390.7309,NA,NA,NA
cs2.exe,40188,0x805E6D5A60,DXGI,0,0,0,Composed: Flip,2413.0815,22.2359,22.1040,0.1319,21.8665,4.5271,4.3823,0.1448,29.4249,25.0803,1.5170,2413.0815,NA,NA,NA
cs2.exe,40188,0x805E6D5A60,DXGI,0,0,0,Composed: Flip,2435.3174,23.0141,22.8670,0.1471,22.6579,4.6165,4.3870,0.2295,32.2693,20.7714,-2.8444,2435.3174,NA,NA,NA
cs2.exe,40188,0x805E6D5A60,DXGI,0,0,0,Composed: Flip,2458.3315,22.3778,22.2295,0.1483,21.9508,4.6546,4.4386,0.2160,30.0266,20.8465,2.2427,2458.3315,NA,NA,NA
cs2.exe,40188,0x805E6D5A60,DXGI,0,0,0,Composed: Flip,2480.7093,22.5144,22.3571,0.1573,21.7896,4.6310,4.4386,0.1924,28.4953,24.9944,1.5313,2480.7093,NA,NA,NA
cs2.exe,40188,0x805E6D5A60,DXGI,0,0,0,Composed: Flip,2503.2237,22.5500,22.4047,0.1453,21.9912,5.1680,4.4691,0.6989,30.9753,25.0523,-2.4800,2503.2237,NA,NA,NA
cs2.exe,40188,0x805E6D5A60,DXGI,0,0,0,Composed: Flip,2525.7737,24.4093,24.2197,0.1896,23.7881,4.7321,4.4732,0.2589,33.4776,20.8163,-2.5023,2525.7737,NA,NA,NA
cs2.exe,40188,0x805E6D5A60,DXGI,0,0,0,Composed: Flip,2550.1830,23.3140,23.1356,0.1784,22.7902,4.9602,4.4336,0.5266,29.8846,24.9937,3.5930,2550.1830,NA,NA,NA
cs2.exe,40188,0x805E6D5A60,DXGI,0,0,0,Composed: Flip,2573.4970,24.5685,24.3832,0.1853,24.0050,5.7703,5.1633,0.6070,31.5643,25.0099,-1.6797,2573.4970,NA,NA,NA
cs2.exe,40188,0x805E6D5A60,DXGI,0,0,0,Composed: Flip,2598.0655,25.1469,24.9348,0.2121,24.2925,5.2373,4.4913,0.7460,32.0057,29.2188,-0.4414,2598.0655,NA,NA,NA
cs2.exe,40188,0x805E6D5A60,DXGI,0,0,0,Composed: Flip,2623.2124,25.6418,25.4240,0.2178,25.1061,5.4256,4.5638,0.8618,36.0776,20.7975,-4.0719,2623.2124,NA,NA,NA
cs2.exe,40188,0x805E6D5A60,DXGI,0,0,0,Composed: Flip,2648.8542,24.4625,24.2653,0.1972,23.8747,4.8470,4.5897,0.2573,31.2333,24.9820,4.8443,2648.8542,NA,NA,NA
cs2.exe,40188,0x805E6D5A60,DXGI,0,0,0,Composed: Flip,2673.3167,23.4329,23.2652,0.1677,23.0009,4.9475,4.6262,0.3213,31.7528,20.8456,-0.5195,2673.3167,NA,NA,NA
cs2.exe,40188,0x805E6D5A60,DXGI,0,0,0,Composed: Flip,2696.7496,22.4377,22.2816,0.1561,21.7399,5.2529,4.5948,0.6581,29.1655,25.0021,2.5873,2696.7496,NA,NA,NA
cs2.exe,40188,0x805E6D5A60,DXGI,0,0,0,Composed: Flip,2719.1873,22.3517,22.2016,0.1501,21.8693,4.6917,4.5332,0.1585,31.7299,25.0111,-2.5644,2719.1873,NA,NA,NA
cs2.exe,40188,0x805E6D5A60,DXGI,0,0,0,Composed: Flip,2741.5390,24.3506,24.1640,0.1866,23.9232,5.5933,5.3172,0.2761,34.3893,20.8234,-2.6594,2741.5390,NA,NA,NA
cs2.exe,40188,0x805E6D5A60,DXGI,0,0,0,Composed: Flip,2765.8896,22.9482,22.7898,0.1584,22.5230,4.8267,4.5347,0.2920,30.8621,25.0219,3.5272,2765.8896,NA,NA,NA
cs2.exe,40188,0x805E6D5A60,DXGI,0,0,0,Composed: Flip,2788.8378,23.8409,23.6619,0.1790,23.5407,4.9582,4.6234,0.3348,32.9358,20.8328,-2.0737,2788.8378,NA,NA,NA
cs2.exe,40188,0x805E6D5A60,DXGI,0,0,0,Composed: Flip,2812.6787,23.5382,23.3667,0.1715,23.0579,5.1527,4.5713,0.5814,29.9277,33.3390,3.0081,2812.6787,NA,NA,NA
cs2.exe,40188,0x805E6D5A60,DXGI,0,0,0,Composed: Flip,2836.2169,24.2626,24.0760,0.1866,23.7430,7.8111,7.4181,0.3930,39.7285,16.6721,-9.8008,2836.2169,NA,NA,NA
cs2.exe,40188,0x805E6D5A60,DXGI,0,0,0,Composed: Flip,2860.4795,23.6127,23.4231,0.1896,23.2650,5.0756,4.8254,0.2502,32.1380,20.8367,7.5905,2860.4795,NA,NA,NA
cs2.exe,40188,0x805E6D5A60,DXGI,0,0,0,Composed: Flip,2884.0922,23.4819,23.2778,0.2041,22.5619,5.5159,4.7586,0.7573,29.3620,25.0093,2.7760,2884.0922,NA,NA,NA
cs2.exe,40188,0x805E6D5A60,DXGI,0,0,0,Composed: Flip,2907.5741,24.0050,23.8271,0.1779,23.4200,5.5877,5.3890,0.1987,30.8894,24.9937,-1.5274,2907.5741,NA,NA,NA
cs2.exe,40188,0x805E6D5A60,DXGI,0,0,0,Composed: Flip,2931.5791,23.0459,22.8691,0.1768,22.5507,4.8333,4.7260,0.1073,31.8781,20.8507,-0.9887,2931.5791,NA,NA,NA
cs2.exe,40188,0x805E6D5A60,DXGI,0,0,0,Composed: Flip,2954.6250,23.1150,22.8098,0.3052,22.5678,4.8281,4.6332,0.1949,29.6829,25.0055,2.1952,2954.6250,NA,NA,NA
cs2.exe,40188,0x805E6D5A60,DXGI,0,0,0,Composed: Flip,2977.7400,23.7970,23.5891,0.2079,23.3282,5.3176,4.8041,0.5135,31.5734,25.0021,-1.8905,2977.7400,NA,NA,NA
cs2.exe,40188,0x805E6D5A60,DXGI,0,0,0,Composed: Flip,3001.5370,23.6336,23.4396,0.1940,23.1281,5.2278,4.8221,0.4057,32.7785,25.0180,-1.2051,3001.5370,NA,NA,NA
cs2.exe,40188,0x805E6D5A60,DXGI,0,0,0,Composed: Flip,3025.1706,26.0195,25.7965,0.2230,25.2961,5.4723,4.8843,0.5880,34.1629,24.9892,-1.3844,3025.1706,NA,NA,NA
cs2.exe,40188,0x805E6D5A60,DXGI,0,0,0,Composed: Flip,3051.1901,23.4154,23.2144,0.2010,22.4403,6.0568,4.8506,1.2062,33.1326,24.9986,1.0303,3051.1901,NA,NA,NA
cs2.exe,40188,0x805E6D5A60,DXGI,0,0,0,Composed: Flip,3074.6055,25.6553,25.4213,0.2340,24.7589,6.4069,5.7686,0.6383,34.7158,25.0103,-1.5832,3074.6055,NA,NA,NA
cs2.exe,40188,0x805E6D5A60,DXGI,0,0,0,Composed: Flip,3100.2608,23.8407,23.6789,0.1618,23.3497,5.4401,5.1775,0.2626,34.0708,20.8347,0.6450,3100.2608,NA,NA,NA
cs2.exe,40188,0x805E6D5A60,DXGI,0,0,0,Composed: Flip,3124.1015,23.5522,23.4016,0.1506,23.3522,5.1469,4.8742,0.2727,31.0648,25.0055,3.0060,3124.1015,NA,NA,NA
cs2.exe,40188,0x805E6D5A60,DXGI,0,0,0,Composed: Flip,3147.6537,24.3640,24.1951,0.1689,24.1670,5.1922,4.8470,0.3452,32.5181,25.0141,-1.4533,3147.6537,NA,NA,NA
cs2.exe,40188,0x805E6D5A60,DXGI,0,0,0,Composed: Flip,3172.0177,24.0257,23.8569,0.1688,23.2957,5.1083,4.8042,0.3041,33.1682,20.8348,-0.6501,3172.0177,NA,NA,NA
cs2.exe,40188,0x805E6D5A60,DXGI,0,0,0,Composed: Flip,3196.0434,23.7995,23.6064,0.1931,23.2310,5.3864,4.8984,0.4880,29.9773,24.9890,3.1909,3196.0434,NA,NA,NA
cs2.exe,40188,0x805E6D5A60,DXGI,0,0,0,Composed: Flip,3219.8429,23.4645,23.2319,0.2326,22.9554,5.1781,4.9231,0.2550,31.1668,25.0157,-1.1895,3219.8429,NA,NA,NA
cs2.exe,40188,0x805E6D5A60,DXGI,0,0,0,Composed: Flip,3243.3074,23.8813,23.7190,0.1623,21.0589,9.0213,6.3827,2.6386,32.7180,24.9964,-1.5512,3243.3074,NA,NA,NA
cs2.exe,40188,0x805E6D5A60,DXGI,0,0,0,Composed: Flip,3267.1887,24.2540,24.1245,0.1295,23.9482,5.1118,4.9141,0.1977,33.8331,20.8398,-1.1151,3267.1887,NA,NA,NA
cs2.exe,40188,0x805E6D5A60,DXGI,0,0,0,Composed: Flip,3291.4427,21.5497,21.4214,0.1283,21.1745,5.1125,4.9647,0.1478,30.4189,20.8538,3.4142,3291.4427,NA,NA,NA
cs2.exe,40188,0x805E6D5A60,DXGI,0,0,0,Composed: Flip,3312.9924,23.2775,23.0714,0.2061,22.7889,5.1174,4.9256,0.1918,29.7230,29.1412,0.6959,3312.9924,NA,NA,NA
cs2.exe,40188,0x805E6D5A60,DXGI,0,0,0,Composed: Flip,3336.2699,22.8644,22.7164,0.1480,22.4511,7.0790,6.9226,0.1564,35.5867,16.6612,-5.8637,3336.2699,NA,NA,NA
cs2.exe,40188,0x805E6D5A60,DXGI,0,0,0,Composed: Flip,3359.1343,23.0269,22.9211,0.1058,22.5521,5.0085,4.9234,0.0851,29.3835,20.8514,6.2032,3359.1343,NA,NA,NA
cs2.exe,40188,0x805E6D5A60,DXGI,0,0,0,Composed: Flip,3382.1612,21.5119,21.3988,0.1131,21.1136,5.0434,4.9001,0.1433,27.2080,25.0355,2.1755,3382.1612,NA,NA,NA
cs2.exe,40188,0x805E6D5A60,DXGI,0,0,0,Composed: Flip,3403.6731,22.0444,21.9403,0.1041,21.7250,5.4054,5.0505,0.3549,30.7316,20.8071,-3.5236,3403.6731,NA,NA,NA
cs2.exe,40188,0x805E6D5A60,DXGI,0,0,0,Composed: Flip,3425.7175,23.3162,23.1994,0.1168,22.7714,5.5380,4.9991,0.5389,29.4943,25.0062,1.2373,3425.7175,NA,NA,NA
cs2.exe,40188,0x805E6D5A60,DXGI,0,0,0,Composed: Flip,3449.0337,22.1816,21.9889,0.1927,21.7229,5.2103,5.0402,0.1701,31.1843,20.8514,-1.6900,3449.0337,NA,NA,NA
cs2.exe,40188,0x805E6D5A60,DXGI,0,0,0,Composed: Flip,3471.2153,23.4689,23.2760,0.1929,22.9684,5.1749,5.0358,0.1391,29.8541,24.9864,1.3302,3471.2153,NA,NA,NA
cs2.exe,40188,0x805E6D5A60,DXGI,0,0,0,Composed: Flip,3494.6842,21.7146,21.5641,0.1505,21.3781,5.2337,5.0762,0.1575,31.3716,20.8361,-1.5175,3494.6842,NA,NA,NA
cs2.exe,40188,0x805E6D5A60,DXGI,0,0,0,Composed: Flip,3516.3988,23.1881,23.0325,0.1556,22.7412,5.3051,5.0188,0.2863,30.4931,25.0352,0.8785,3516.3988,NA,NA,NA
cs2.exe,40188,0x805E6D5A60,DXGI,0,0,0,Composed: Flip,3539.5869,24.0511,23.8589,0.1922,23.4572,6.0258,5.9025,0.1233,32.3402,25.0053,-1.8471,3539.5869,NA,NA,NA
cs2.exe,40188,0x805E6D5A60,DXGI,0,0,0,Composed: Flip,3563.6380,24.5537,24.3580,0.1957,23.9592,5.7306,5.0578,0.6728,33.2944,25.0061,-0.9542,3563.6380,NA,NA,NA
cs2.exe,40188,0x805E6D5A60,DXGI,0,0,0,Composed: Flip,3588.1917,24.6770,24.4385,0.2385,23.5060,6.8021,5.1218,1.6803,33.7468,25.0045,-0.4524,3588.1917,NA,NA,NA
cs2.exe,40188,0x805E6D5A60,DXGI,0,0,0,Composed: Flip,3612.8687,24.5471,24.3634,0.1837,24.0637,5.6319,5.0676,0.5643,34.0743,24.9953,-0.3275,3612.8687,NA,NA,NA
cs2.exe,40188,0x805E6D5A60,DXGI,0,0,0,Composed: Flip,3637.4158,26.5508,26.3191,0.2317,26.0538,6.4561,5.9554,0.5007,34.5225,25.0058,-0.4482,3637.4158,NA,NA,NA
cs2.exe,40188,0x805E6D5A60,DXGI,0,0,0,Composed: Flip,3663.9666,23.3507,23.1675,0.1832,22.8169,5.7976,5.2355,0.5621,32.9775,25.0054,1.5450,3663.9666,NA,NA,NA
cs2.exe,40188,0x805E6D5A60,DXGI,0,0,0,Composed: Flip,3687.3173,24.2655,24.0507,0.2148,23.3601,5.6213,5.1952,0.4261,34.6322,20.8683,-1.6547,3687.3173,NA,NA,NA
cs2.exe,40188,0x805E6D5A60,DXGI,0,0,0,Composed: Flip,3711.5828,22.5430,22.3767,0.1663,22.2580,6.2875,5.9365,0.3510,31.2350,24.9698,3.3972,3711.5828,NA,NA,NA
cs2.exe,40188,0x805E6D5A60,DXGI,0,0,0,Composed: Flip,3734.1258,23.3074,23.1070,0.2004,23.0079,5.7805,5.1715,0.6090,33.6618,20.8385,-2.4268,3734.1258,NA,NA,NA
cs2.exe,40188,0x805E6D5A60,DXGI,0,0,0,Composed: Flip,3757.4332,23.9430,23.7765,0.1665,23.5058,5.4474,5.1617,0.2857,31.1929,25.0041,2.4689,3757.4332,NA,NA,NA
cs2.exe,40188,0x805E6D5A60,DXGI,0,0,0,Composed: Flip,3781.3762,23.3764,23.1666,0.2098,22.4765,6.0456,5.1971,0.8485,32.2540,20.8417,-1.0611,3781.3762,NA,NA,NA
cs2.exe,40188,0x805E6D5A60,DXGI,0,0,0,Composed: Flip,3804.7526,23.2932,23.1285,0.1647,22.6631,5.6192,5.3190,0.3002,29.7193,25.0110,2.5347,3804.7526,NA,NA,NA
cs2.exe,40188,0x805E6D5A60,DXGI,0,0,0,Composed: Flip,3828.0458,22.4978,22.3247,0.1731,22.0588,5.5103,5.3360,0.1743,31.4371,20.8169,-1.7178,3828.0458,NA,NA,NA
cs2.exe,40188,0x805E6D5A60,DXGI,0,0,0,Composed: Flip,3850.5436,22.5249,22.3859,0.1390,22.0822,5.4580,5.2569,0.2011,29.7562,25.0115,1.6809,3850.5436,NA,NA,NA
cs2.exe,40188,0x805E6D5A60,DXGI,0,0,0,Composed: Flip,3873.0685,24.1010,23.7688,0.3322,23.3971,6.2940,6.1219,0.1721,32.2428,20.8533,-2.4866,3873.0685,NA,NA,NA
cs2.exe,40188,0x805E6D5A60,DXGI,0,0,0,Composed: Flip,3897.1695,22.2068,22.0570,0.1498,21.8106,5.4137,5.2777,0.1360,28.9951,24.9986,3.2477,3897.1695,NA,NA,NA
cs2.exe,40188,0x805E6D5A60,DXGI,0,0,0,Composed: Flip,3919.3763,22.8701,22.7198,0.1503,22.4381,5.3606,5.3040,0.0566,31.7869,24.9865,-2.7918,3919.3763,NA,NA,NA
cs2.exe,40188,0x805E6D5A60,DXGI,0,0,0,Composed: Flip,3942.2464,22.3901,22.2452,0.1449,22.0513,7.3899,7.0768,0.3131,33.9033,20.8391,-2.1164,3942.2464,NA,NA,NA
cs2.exe,40188,0x805E6D5A60,DXGI,0,0,0,Composed: Flip,3964.6365,24.1379,23.9151,0.2228,23.2691,6.1612,5.3193,0.8419,32.3523,25.0312,1.5510,3964.6365,NA,NA,NA
cs2.exe,40188,0x805E6D5A60,DXGI,0,0,0,Composed: Flip,3988.7744,25.7025,25.5026,0.1999,25.0747,5.9401,5.3241,0.6160,33.2456,24.9851,-0.8933,3988.7744,NA,NA,NA
cs2.exe,40188,0x805E6D5A60,DXGI,0,0,0,Composed: Flip,4014.4769,25.0218,24.6774,0.3444,24.3258,6.0119,5.2977,0.7142,32.5282,29.1870,0.7174,4014.4769,NA,NA,NA
cs2.exe,40188,0x805E6D5A60,DXGI,0,0,0,Composed: Flip,4039.4987,24.8820,24.6817,0.2003,24.3406,7.4456,6.7117,0.7339,36.6934,20.8258,-4.1652,4039.4987,NA,NA,NA
cs2.exe,40188,0x805E6D5A60,DXGI,0,0,0,Composed: Flip,4064.3807,24.8755,24.5816,0.2939,24.2193,6.1807,5.5565,0.6242,32.6372,29.1752,4.0562,4064.3807,NA,NA,NA
cs2.exe,40188,0x805E6D5A60,DXGI,0,0,0,Composed: Flip,4089.2562,26.2610,26.0644,0.1966,25.4988,5.8566,5.4996,0.3570,36.9369,20.8270,-4.2997,4089.2562,NA,NA,NA
cs2.exe,40188,0x805E6D5A60,DXGI,0,0,0,Composed: Flip,4115.5172,22.7738,22.6033,0.1705,22.3724,5.6602,5.4733,0.1869,31.5029,20.8324,5.4340,4115.5172,NA,NA,NA
cs2.exe,40188,0x805E6D5A60,DXGI,0,0,0,Composed: Flip,4138.2910,22.7748,22.6120,0.1628,22.1115,5.9707,5.4611,0.5096,29.5615,33.3494,1.9414,4138.2910,NA,NA,NA
cs2.exe,40188,0x805E6D5A60,DXGI,0,0,0,Composed: Flip,4161.0658,33.1898,33.0469,0.1429,32.8563,5.5326,5.4275,0.1051,40.1361,24.9938,-10.5746,4161.0658,NA,NA,NA
cs2.exe,40188,0x805E6D5A60,DXGI,0,0,0,Composed: Flip,4194.2556,22.6019,22.4714,0.1305,22.3095,5.5740,5.4222,0.1518,31.9401,20.8321,8.1960,4194.2556,NA,NA,NA
cs2.exe,40188,0x805E6D5A60,DXGI,0,0,0,Composed: Flip,4216.8575,22.6181,22.4734,0.1447,22.2788,5.5894,5.4260,0.1634,30.1703,20.8337,1.7698,4216.8575,NA,NA,NA
cs2.exe,40188,0x805E6D5A60,DXGI,0,0,0,Composed: Flip,4239.4756,21.4340,21.2612,0.1728,20.9712,5.6593,5.4873,0.1720,28.3859,25.0179,1.7844,4239.4756,NA,NA,NA
cs2.exe,40188,0x805E6D5A60,DXGI,0,0,0,Composed: Flip,4260.9096,21.5948,21.4508,0.1440,21.2104,5.6375,5.5894,0.0481,31.9698,20.8264,-3.5839,4260.9096,NA,NA,NA
cs2.exe,40188,0x805E6D5A60,DXGI,0,0,0,Composed: Flip,4282.5044,21.9700,21.8404,0.1296,21.5127,5.7304,5.5278,0.2026,31.2014,20.8351,0.7684,4282.5044,NA,NA,NA
cs2.exe,40188,0x805E6D5A60,DXGI,0,0,0,Composed: Flip,4304.4744,22.3703,22.2559,0.1144,21.9499,6.1309,5.9753,0.1556,30.0665,20.8617,1.1349,4304.4744,NA,NA,NA
cs2.exe,40188,0x805E6D5A60,DXGI,0,0,0,Composed: Flip,4326.8447,21.6092,21.4963,0.1129,20.9835,6.0656,5.5780,0.4876,28.5579,25.0087,1.5086,4326.8447,NA,NA,NA
cs2.exe,40188,0x805E6D5A60,DXGI,0,0,0,Composed: Flip,4348.4539,23.6710,23.4920,0.1790,23.0940,6.0388,5.7213,0.3175,31.9574,24.9971,-3.3995,4348.4539,NA,NA,NA
cs2.exe,40188,0x805E6D5A60,DXGI,0,0,0,Composed: Flip,4372.1249,24.2751,24.1184,0.1567,23.9682,6.8973,6.4107,0.4866,33.2835,20.8513,-1.3261,4372.1249,NA,NA,NA
cs2.exe,40188,0x805E6D5A60,DXGI,0,0,0,Composed: Flip,4396.4000,22.7014,22.5103,0.1911,22.2923,5.7991,5.6550,0.1441,29.8597,25.0023,3.4238,4396.4000,NA,NA,NA
cs2.exe,40188,0x805E6D5A60,DXGI,0,0,0,Composed: Flip,4419.1014,24.9947,24.7087,0.2860,24.3510,6.1441,5.6269,0.5172,32.1606,24.9863,-2.3009,4419.1014,NA,NA,NA
cs2.exe,40188,0x805E6D5A60,DXGI,0,0,0,Composed: Flip,4444.0961,23.2752,23.1086,0.1666,22.7817,6.5754,6.4755,0.0999,32.1522,24.9974,0.0084,4444.0961,NA,NA,NA
cs2.exe,40188,0x805E6D5A60,DXGI,0,0,0,Composed: Flip,4467.3713,23.1495,23.0023,0.1472,22.7916,6.0106,5.7145,0.2961,33.8744,20.8606,-1.7222,4467.3713,NA,NA,NA
cs2.exe,40188,0x805E6D5A60,DXGI,0,0,0,Composed: Flip,4490.5208,22.6346,22.4891,0.1455,22.2356,5.7977,5.6382,0.1595,31.5855,20.8371,2.2889,4490.5208,NA,NA,NA
cs2.exe,40188,0x805E6D5A60,DXGI,0,0,0,Composed: Flip,4513.1554,22.9436,22.7436,0.2000,22.1329,6.2893,6.1861,0.1032,29.7880,24.9936,1.7975,4513.1554,NA,NA,NA
cs2.exe,40188,0x805E6D5A60,DXGI,0,0,0,Composed: Flip,4536.0990,23.5444,23.3496,0.1948,22.7623,5.9514,5.7124,0.2390,31.8380,29.1807,-2.0500,4536.0990,NA,NA,NA
cs2.exe,40188,0x805E6D5A60,DXGI,0,0,0,Composed: Flip,4559.6434,24.5940,24.4509,0.1431,24.1700,6.9765,6.2970,0.6795,37.4743,20.8336,-5.6363,4559.6434,NA,NA,NA
cs2.exe,40188,0x805E6D5A60,DXGI,0,0,0,Composed: Flip,4584.2374,24.1645,23.9703,0.1942,23.7577,6.3055,5.6555,0.6500,33.7139,25.0237,3.7604,4584.2374,NA,NA,NA
cs2.exe,40188,0x805E6D5A60,DXGI,0,0,0,Composed: Flip,4608.4019,24.4794,24.2762,0.2032,23.8853,6.9935,6.4469,0.5466,34.5731,25.0035,-0.8592,4608.4019,NA,NA,NA
cs2.exe,40188,0x805E6D5A60,DXGI,0,0,0,Composed: Flip,4632.8813,24.4622,24.2541,0.2081,23.8035,6.1564,5.7590,0.3974,35.0972,20.8188,-0.5241,4632.8813,NA,NA,NA
cs2.exe,40188,0x805E6D5A60,DXGI,0,0,0,Composed: Flip,4657.3435,23.1878,23.0129,0.1749,22.8087,6.0116,5.7332,0.2784,31.4538,20.8345,3.6434,4657.3435,NA,NA,NA
cs2.exe,40188,0x805E6D5A60,DXGI,0,0,0,Composed: Flip,4680.5313,21.9951,21.8470,0.1481,21.4757,6.1691,5.9472,0.2219,29.1005,24.9975,2.3533,4680.5313,NA,NA,NA
cs2.exe,40188,0x805E6D5A60,DXGI,0,0,0,Composed: Flip,4702.5264,21.4661,21.3499,0.1162,21.0595,5.7713,5.6825,0.0888,32.1029,20.8368,-3.0024,4702.5264,NA,NA,NA
cs2.exe,40188,0x805E6D5A60,DXGI,0,0,0,Composed: Flip,4723.9925,21.7147,21.5946,0.1201,21.2559,5.7334,5.6898,0.0436,31.4736,20.8302,0.6293,4723.9925,NA,NA,NA
cs2.exe,40188,0x805E6D5A60,DXGI,0,0,0,Composed: Flip,4745.7072,21.5055,21.3876,0.1179,21.1864,6.5955,6.4208,0.1747,30.5891,20.8368,0.8845,4745.7072,NA,NA,NA
cs2.exe,40188,0x805E6D5A60,DXGI,0,0,0,Composed: Flip,4767.2127,21.9192,21.8006,0.1186,21.5143,5.7815,5.6817,0.0998,29.9204,25.0141,0.6687,4767.2127,NA,NA,NA
cs2.exe,40188,0x805E6D5A60,DXGI,0,0,0,Composed: Flip,4789.1319,22.6735,22.5385,0.1350,22.2466,5.8116,5.6744,0.1372,33.0153,20.8298,-3.0949,4789.1319,NA,NA,NA
cs2.exe,40188,0x805E6D5A60,DXGI,0,0,0,Composed: Flip,4811.8054,22.2531,22.1399,0.1132,21.7868,6.5931,6.4837,0.1094,31.1716,25.0085,1.8437,4811.8054,NA,NA,NA
cs2.exe,40188,0x805E6D5A60,DXGI,0,0,0,Composed: Flip,4834.0585,23.4186,23.3065,0.1121,23.0485,5.9460,5.8638,0.0822,33.9270,20.8552,-2.7554,4834.0585,NA,NA,NA
cs2.exe,40188,0x805E6D5A60,DXGI,0,0,0,Composed: Flip,4857.4771,21.4297,21.3203,0.1094,20.9455,6.2490,5.8303,0.4187,31.3636,20.8174,2.5634,4857.4771,NA,NA,NA
cs2.exe,40188,0x805E6D5A60,DXGI,0,0,0,Composed: Flip,4878.9068,21.9199,21.8049,0.1150,21.5396,6.6884,6.5788,0.1096,30.7513,20.8382,0.6123,4878.9068,NA,NA,NA
cs2.exe,40188,0x805E6D5A60,DXGI,0,0,0,Composed: Flip,4900.8267,22.7594,22.6425,0.1169,22.3106,5.8732,5.8314,0.0418,29.6696,25.0122,1.0817,4900.8267,NA,NA,NA
cs2.exe,40188,0x805E6D5A60,DXGI,0,0,0,Composed: Flip,4923.5861,21.8706,21.7401,0.1305,21.5423,5.9074,5.8276,0.0798,31.9224,33.3332,-2.2528,4923.5861,NA,NA,NA
cs2.exe,40188,0x805E6D5A60,DXGI,0,0,0,Composed: Flip,4945.4567,35.0145,34.8892,0.1253,34.7227,6.1030,5.8066,0.2964,43.3850,25.0094,-11.4626,4945.4567,NA,NA,NA
cs2.exe,40188,0x805E6D5A60,DXGI,0,0,0,Composed: Flip,4980.4712,23.4894,23.3700,0.1194,23.1240,5.8891,5.8499,0.0392,33.3799,20.8325,10.0051,4980.4712,NA,NA,NA
cs2.exe,40188,0x805E6D5A60,DXGI,0,0,0,Composed: Flip,5003.9606,22.5931,22.4670,0.1261,22.0910,6.0419,5.8681,0.1738,30.7230,25.0098,2.6569,5003.9606,NA,NA,NA
cs2.exe,40188,0x805E6D5A60,DXGI,0,0,0,Composed: Flip,5026.5537,22.9126,22.7646,0.1480,22.0555,6.4035,5.9374,0.4661,33.1397,20.8314,-2.4167,5026.5537,NA,NA,NA
cs2.exe,40188,0x805E6D5A60,DXGI,0,0,0,Composed: Flip,5049.4663,21.3495,21.2385,0.1110,20.9870,5.9890,5.8784,0.1106,31.0585,20.8383,2.0812,5049.4663,NA,NA,NA
cs2.exe,40188,0x805E6D5A60,DXGI,0,0,0,Composed: Flip,5070.8158,22.4262,22.1075,0.3187,21.7994,6.0579,5.8827,0.1752,30.5473,25.0123,0.5112,5070.8158,NA,NA,NA
cs2.exe,40188,0x805E6D5A60,DXGI,0,0,0,Composed: Flip,5093.2420,22.9560,22.8373,0.1187,22.4783,5.9644,5.9078,0.0566,33.1334,20.8269,-2.5861,5093.2420,NA,NA,NA
cs2.exe,40188,0x805E6D5A60,DXGI,0,0,0,Composed: Flip,5116.1980,22.5952,22.4729,0.1223,22.2437,6.3279,5.9095,0.4184,31.0043,25.0383,2.1291,5116.1980,NA,NA,NA
cs2.exe,40188,0x805E6D5A60,DXGI,0,0,0,Composed: Flip,5138.7932,23.6989,23.5763,0.1226,23.3246,6.0850,5.8921,0.1929,33.4474,20.8061,-2.4431,5138.7932,NA,NA,NA
cs2.exe,40188,0x805E6D5A60,DXGI,0,0,0,Composed: Flip,5162.4921,21.8097,21.6970,0.1127,21.4905,5.9881,5.8791,0.1090,30.5546,20.8387,2.8928,5162.4921,NA,NA,NA
cs2.exe,40188,0x805E6D5A60,DXGI,0,0,0,Composed: Flip,5184.3018,21.8517,21.7395,0.1122,21.5491,6.0033,5.9019,0.1014,29.5836,25.0068,0.9710,5184.3018,NA,NA,NA
cs2.exe,40188,0x805E6D5A60,DXGI,0,0,0,Composed: Flip,5206.1535,22.9054,22.7836,0.1218,22.4539,7.4300,7.1195,0.3105,32.7387,20.8346,-3.1551,5206.1535,NA,NA,NA
cs2.exe,40188,0x805E6D5A60,DXGI,0,0,0,Composed: Flip,5229.0589,22.9608,22.8400,0.1208,22.3426,6.4880,5.9348,0.5532,30.6679,25.0087,2.0708,5229.0589,NA,NA,NA
cs2.exe,40188,0x805E6D5A60,DXGI,0,0,0,Composed: Flip,5252.0197,22.2750,22.1587,0.1163,21.8691,6.1668,5.9973,0.1695,32.7158,20.8901,-2.0479,5252.0197,NA,NA,NA
cs2.exe,40188,0x805E6D5A60,DXGI,0,0,0,Composed: Flip,5274.2947,22.4838,22.3418,0.1420,22.0562,7.0672,6.8546,0.2126,31.3309,20.7930,1.3849,5274.2947,NA,NA,NA
cs2.exe,40188,0x805E6D5A60,DXGI,0,0,0,Composed: Flip,5296.7785,22.2181,22.0673,0.1508,21.7734,6.1381,5.9897,0.1484,29.6401,24.9937,1.6908,5296.7785,NA,NA,NA
cs2.exe,40188,0x805E6D5A60,DXGI,0,0,0,Composed: Flip,5318.9966,22.7220,22.5507,0.1713,22.3784,6.2099,6.0196,0.1903,32.4157,20.8551,-2.7756,5318.9966,NA,NA,NA
cs2.exe,40188,0x805E6D5A60,DXGI,0,0,0,Composed: Flip,5341.7186,22.6723,22.5363,0.1360,22.3181,7.0299,6.8558,0.1741,30.5488,24.9981,1.8669,5341.7186,NA,NA,NA
cs2.exe,40188,0x805E6D5A60,DXGI,0,0,0,Composed: Flip,5364.3909,23.4604,23.3223,0.1381,23.1224,6.1286,6.0153,0.1133,32.8746,20.8435,-2.3258,5364.3909,NA,NA,NA
cs2.exe,40188,0x805E6D5A60,DXGI,0,0,0,Composed: Flip,5387.8513,22.7527,22.5926,0.1601,22.3377,6.1785,6.0002,0.1783,30.2577,24.9975,2.6169,5387.8513,NA,NA,NA
cs2.exe,40188,0x805E6D5A60,DXGI,0,0,0,Composed: Flip,5410.6040,22.1468,21.9564,0.1904,21.2996,8.0553,7.1133,0.9420,32.5025,20.8459,-2.2448,5410.6040,NA,NA,NA
cs2.exe,40188,0x805E6D5A60,DXGI,0,0,0,Composed: Flip,5432.7508,23.1074,22.9415,0.1659,22.8126,6.3166,6.0223,0.2943,31.2016,25.0004,1.3009,5432.7508,NA,NA,NA
cs2.exe,40188,0x805E6D5A60,DXGI,0,0,0,Composed: Flip,5455.8582,22.2510,22.1203,0.1307,21.9677,6.3581,6.1000,0.2581,33.0946,20.8431,-1.8930,5455.8582,NA,NA,NA
cs2.exe,40188,0x805E6D5A60,DXGI,0,0,0,Composed: Flip,5478.1092,22.1504,21.9684,0.1820,21.7082,7.0774,6.8848,0.1926,31.6867,20.8269,1.4079,5478.1092,NA,NA,NA
cs2.exe,40188,0x805E6D5A60,DXGI,0,0,0,Composed: Flip,5500.2596,22.1653,22.0095,0.1558,21.7887,6.1914,6.1226,0.0688,30.3632,25.0242,1.3235,5500.2596,NA,NA,NA
cs2.exe,40188,0x805E6D5A60,DXGI,0,0,0,Composed: Flip,5522.4249,22.2016,22.0302,0.1714,21.6263,6.5302,6.1460,0.3842,33.2221,20.8236,-2.8589,5522.4249,NA,NA,NA
cs2.exe,40188,0x805E6D5A60,DXGI,0,0,0,Composed: Flip,5544.6265,23.6375,23.3942,0.2433,23.0917,7.3245,7.0211,0.3034,31.8441,25.0154,1.3780,5544.6265,NA,NA,NA
cs2.exe,40188,0x805E6D5A60,DXGI,0,0,0,Composed: Flip,5568.2640,23.9774,23.7816,0.1958,23.4335,6.6576,6.1784,0.4792,33.2220,25.0068,-1.3779,5568.2640,NA,NA,NA
cs2.exe,40188,0x805E6D5A60,DXGI,0,0,0,Composed: Flip,5592.2414,25.0608,24.8670,0.1938,24.2661,7.4352,6.1459,1.2893,34.2514,25.0120,-1.0294,5592.2414,NA,NA,NA
cs2.exe,40188,0x805E6D5A60,DXGI,0,0,0,Composed: Flip,5617.3022,25.0934,24.8629,0.2305,24.4503,6.8762,6.2061,0.6701,34.2026,25.0098,0.0488,5617.3022,NA,NA,NA
cs2.exe,40188,0x805E6D5A60,DXGI,0,0,0,Composed: Flip,5642.3956,24.3290,24.0847,0.2443,23.5587,7.8840,7.1960,0.6880,34.1190,24.9686,0.0836,5642.3956,NA,NA,NA
cs2.exe,40188,0x805E6D5A60,DXGI,0,0,0,Composed: Flip,5666.7246,24.0722,23.8906,0.1816,23.6041,6.3744,6.2867,0.0877,34.7586,20.8376,-0.6396,5666.7246,NA,NA,NA
cs2.exe,40188,0x805E6D5A60,DXGI,0,0,0,Composed: Flip,5690.7968,22.2335,22.1257,0.1078,21.8561,6.3342,6.2069,0.1273,31.5240,20.8499,3.2346,5690.7968,NA,NA,NA
cs2.exe,40188,0x805E6D5A60,DXGI,0,0,0,Composed: Flip,5713.0303,22.0598,21.9207,0.1391,21.5859,7.3771,7.1540,0.2231,30.1404,25.0026,1.3836,5713.0303,NA,NA,NA
cs2.exe,40188,0x805E6D5A60,DXGI,0,0,0,Composed: Flip,5735.0901,23.1146,22.9772,0.1374,22.6642,6.3834,6.2710,0.1124,33.0832,20.8463,-2.9428,5735.0901,NA,NA,NA
cs2.exe,40188,0x805E6D5A60,DXGI,0,0,0,Composed: Flip,5758.2047,22.2625,22.1157,0.1468,21.6742,6.7420,6.2825,0.4595,30.8149,24.9961,2.2683,5758.2047,NA,NA,NA
cs2.exe,40188,0x805E6D5A60,DXGI,0,0,0,Composed: Flip,5780.4672,22.5241,22.3819,0.1422,22.1791,6.3200,6.2438,0.0762,33.5485,20.8421,-2.7336,5780.4672,NA,NA,NA
cs2.exe,40188,0x805E6D5A60,DXGI,0,0,0,Composed: Flip,5802.9913,22.2953,22.1542,0.1411,21.9527,6.3196,6.2489,0.0707,31.8665,20.8474,1.6820,5802.9913,NA,NA,NA
cs2.exe,40188,0x805E6D5A60,DXGI,0,0,0,Composed: Flip,5825.2866,22.4372,22.2976,0.1396,22.0196,6.3976,6.2821,0.1155,30.4186,24.9841,1.4479,5825.2866,NA,NA,NA
cs2.exe,40188,0x805E6D5A60,DXGI,0,0,0,Composed: Flip,5847.7238,22.8220,22.6670,0.1550,22.2866,6.3533,6.2400,0.1133,32.9655,20.8264,-2.5469,5847.7238,NA,NA,NA
cs2.exe,40188,0x805E6D5A60,DXGI,0,0,0,Composed: Flip,5870.5458,21.1235,21.0052,0.1183,20.8349,6.2969,6.2421,0.0548,30.9699,25.0231,1.9956,5870.5458,NA,NA,NA
cs2.exe,40188,0x805E6D5A60,DXGI,0,0,0,Composed: Flip,5891.6693,24.8874,24.5479,0.3395,24.3606,6.8082,6.3373,0.4709,34.8695,25.0237,-3.8996,5891.6693,NA,NA,NA
cs2.exe,40188,0x805E6D5A60,DXGI,0,0,0,Composed: Flip,5916.5567,24.9536,24.7390,0.2146,24.4501,7.0383,6.4654,0.5729,35.0058,24.9735,-0.1363,5916.5567,NA,NA,NA
cs2.exe,40188,0x805E6D5A60,DXGI,0,0,0,Composed: Flip,5941.5103,22.8136,22.6322,0.1814,22.1751,7.7595,7.1419,0.6176,35.0257,16.6596,-0.0199,5941.5103,NA,NA,NA
cs2.exe,40188,0x805E6D5A60,DXGI,0,0,0,Composed: Flip,5964.3239,21.9763,21.8525,0.1238,21.5679,6.3032,6.2588,0.0444,28.8717,29.2018,6.1540,5964.3239,NA,NA,NA
cs2.exe,40188,0x805E6D5A60,DXGI,0,0,0,Composed: Flip,5986.3002,25.4262,25.2064,0.2198,24.7108,7.0502,6.2932,0.7570,36.0972,25.0109,-7.2255,5986.3002,NA,NA,NA
cs2.exe,40188,0x805E6D5A60,DXGI,0,0,0,Composed: Flip,6011.7264,23.8261,23.5965,0.2296,23.4160,7.4229,7.4165,0.0064,35.6819,20.8456,0.4153,6011.7264,NA,NA,NA
cs2.exe,40188,0x805E6D5A60,DXGI,0,0,0,Composed: Flip,6035.5525,24.8505,24.6625,0.1880,24.1869,6.7751,6.3825,0.3926,32.7014,29.1684,2.9805,6035.5525,NA,NA,NA
cs2.exe,40188,0x805E6D5A60,DXGI,0,0,0,Composed: Flip,6060.4030,27.3871,27.1961,0.1910,26.8157,7.1473,6.4415,0.7058,37.0193,25.0115,-4.3179,6060.4030,NA,NA,NA
cs2.exe,40188,0x805E6D5A60,DXGI,0,0,0,Composed: Flip,6087.7901,25.4405,25.2446,0.1959,24.7022,6.9607,6.4368,0.5239,34.6437,29.1697,2.3756,6087.7901,NA,NA,NA
cs2.exe,40188,0x805E6D5A60,DXGI,0,0,0,Composed: Flip,6113.2306,28.5207,28.2883,0.2324,27.6400,7.8939,6.8703,1.0236,38.3729,29.1612,-3.7292,6113.2306,NA,NA,NA
cs2.exe,40188,0x805E6D5A60,DXGI,0,0,0,Composed: Flip,6141.7513,28.0563,27.2342,0.8221,26.9429,7.7249,7.7190,0.0059,39.0134,25.0295,-0.6405,6141.7513,NA,NA,NA
cs2.exe,40188,0x805E6D5A60,DXGI,0,0,0,Composed: Flip,6169.8076,24.4144,24.1673,0.2471,23.7592,7.1901,6.5547,0.6354,35.9866,24.9915,3.0268,6169.8076,NA,NA,NA
cs2.exe,40188,0x805E6D5A60,DXGI,0,0,0,Composed: Flip,6194.2220,25.7947,25.5035,0.2912,24.7377,7.6799,6.4886,1.1913,36.5637,25.0072,-0.5771,6194.2220,NA,NA,NA
cs2.exe,40188,0x805E6D5A60,DXGI,0,0,0,Composed: Flip,6220.0167,25.0172,24.7291,0.2881,24.2922,7.4573,7.1292,0.3281,35.7762,24.9888,0.7875,6220.0167,NA,NA,NA
cs2.exe,40188,0x805E6D5A60,DXGI,0,0,0,Composed: Flip,6245.0339,23.6060,23.4389,0.1671,23.1240,7.5777,7.2819,0.2958,35.7478,20.8303,0.0284,6245.0339,NA,NA,NA
cs2.exe,40188,0x805E6D5A60,DXGI,0,0,0,Composed: Flip,6268.6399,22.8254,22.6699,0.1555,22.4059,6.7714,6.6034,0.1680,32.9721,20.8427,2.7757,6268.6399,NA,NA,NA
cs2.exe,40188,0x805E6D5A60,DXGI,0,0,0,Composed: Flip,6291.4653,23.4473,23.2793,0.1680,22.9673,6.6464,6.5584,0.0880,30.9894,29.1855,1.9827,6291.4653,NA,NA,NA
cs2.exe,40188,0x805E6D5A60,DXGI,0,0,0,Composed: Flip,6314.9126,23.0565,22.9091,0.1474,22.3021,7.5533,7.0215,0.5318,36.7276,16.6535,-5.7382,6314.9126,NA,NA,NA
cs2.exe,40188,0x805E6D5A60,DXGI,0,0,0,Composed: Flip,6337.9691,22.8902,22.7052,0.1850,22.5514,6.6502,6.5681,0.0821,30.3246,24.9929,6.4030,6337.9691,NA,NA,NA
cs2.exe,40188,0x805E6D5A60,DXGI,0,0,0,Composed: Flip,6360.8593,22.1375,21.9765,0.1610,21.7452,6.9158,6.7970,0.1188,32.4273,20.8328,-2.1027,6360.8593,NA,NA,NA
cs2.exe,40188,0x805E6D5A60,DXGI,0,0,0,Composed: Flip,6382.9968,21.7579,21.6054,0.1525,21.1863,6.5902,6.5249,0.0653,31.1226,25.0198,1.3047,6382.9968,NA,NA,NA
cs2.exe,40188,0x805E6D5A60,DXGI,0,0,0,Composed: Flip,6404.7547,23.2468,23.1215,0.1253,22.8382,6.6384,6.5552,0.0832,34.3845,20.8210,-3.2619,6404.7547,NA,NA,NA
cs2.exe,40188,0x805E6D5A60,DXGI,0,0,0,Composed: Flip,6428.0015,22.1651,22.0475,0.1176,21.7427,6.5340,6.5301,0.0039,31.9587,20.8909,2.4258,6428.0015,NA,NA,NA
cs2.exe,40188,0x805E6D5A60,DXGI,0,0,0,Composed: Flip,6450.1666,21.5336,21.3996,0.1340,21.1918,6.6382,6.5577,0.0805,30.6845,33.3047,1.2742,6450.1666,NA,NA,NA
cs2.exe,40188,0x805E6D5A60,DXGI,0,0,0,Composed: Flip,6471.7002,23.8126,23.6581,0.1545,23.3596,10.2849,10.0494,0.2355,42.4556,12.4908,-11.7711,6471.7002,NA,NA,NA
cs2.exe,40188,0x805E6D5A60,DXGI,0,0,0,Composed: Flip,6495.5128,21.6101,21.4675,0.1426,21.0041,7.0000,6.5701,0.4299,31.1338,25.0168,11.3218,6495.5128,NA,NA,NA
cs2.exe,40188,0x805E6D5A60,DXGI,0,0,0,Composed: Flip,6517.1229,23.6882,23.5029,0.1853,23.1379,6.8820,6.5125,0.3695,34.5405,20.8692,-3.4067,6517.1229,NA,NA,NA
cs2.exe,40188,0x805E6D5A60,DXGI,0,0,0,Composed: Flip,6540.8111,22.5566,22.3901,0.1665,22.0719,7.6885,7.4863,0.2022,31.7215,25.0005,2.8190,6540.8111,NA,NA,NA
cs2.exe,40188,0x805E6D5A60,DXGI,0,0,0,Composed: Flip,6563.3677,23.8311,23.6451,0.1860,23.1843,6.9881,6.5980,0.3901,34.1654,24.9861,-2.4439,6563.3677,NA,NA,NA
cs2.exe,40188,0x805E6D5A60,DXGI,0,0,0,Composed: Flip,6587.1988,25.2222,24.9851,0.2371,24.6005,7.2342,6.5818,0.6524,35.3204,25.0160,-1.1550,6587.1988,NA,NA,NA
cs2.exe,40188,0x805E6D5A60,DXGI,0,0,0,Composed: Flip,6612.4210,25.7680,25.5507,0.2173,25.1980,7.2141,6.6172,0.5969,35.1142,29.1579,0.2062,6612.4210,NA,NA,NA
cs2.exe,40188,0x805E6D5A60,DXGI,0,0,0,Composed: Flip,6638.1890,25.3689,25.1188,0.2501,24.5857,8.4879,7.8278,0.6601,38.5041,20.8404,-3.3899,6638.1890,NA,NA,NA
cs2.exe,40188,0x805E6D5A60,DXGI,0,0,0,Composed: Flip,6663.5579,25.7245,25.4678,0.2567,24.1975,7.8489,6.7687,1.0802,33.9756,29.1762,4.5285,6663.5579,NA,NA,NA
cs2.exe,40188,0x805E6D5A60,DXGI,0,0,0,Composed: Flip,6689.2824,28.0711,27.8587,0.2124,27.4876,7.2605,6.7311,0.5294,37.4273,50.0243,-3.4517,6689.2824,NA,NA,NA
cs2.exe,40188,0x805E6D5A60,DXGI,0,0,0,Composed: Flip,6717.3535,35.9717,35.5848,0.3869,34.9420,14.7691,10.1546,4.6145,59.3805,12.4854,-21.9532,6717.3535,NA,NA,NA
cs2.exe,40188,0x805E6D5A60,DXGI,0,0,0,Composed: Flip,6753.3252,25.4443,25.0580,0.3863,24.6350,7.2299,6.6758,0.5541,35.8942,25.0067,23.4863,6753.3252,NA,NA,NA
cs2.exe,40188,0x805E6D5A60,DXGI,0,0,0,Composed: Flip,6778.7695,27.0369,26.7873,0.2496,26.0621,7.3628,6.7482,0.6146,35.4566,37.5102,0.4376,6778.7695,NA,NA,NA
cs2.exe,40188,0x805E6D5A60,DXGI,0,0,0,Composed: Flip,6805.8064,35.0033,34.7834,0.2199,34.4842,7.9154,7.2924,0.6230,45.9299,41.7263,-10.4733,6805.8064,NA,NA,NA
cs2.exe,40188,0x805E6D5A60,DXGI,0,0,0,Composed: Flip,6840.8097,41.9227,41.7233,0.1994,41.3721,7.4559,6.8225,0.6334,52.6529,29.1323,-6.7230,6840.8097,NA,NA,NA
cs2.exe,40188,0x805E6D5A60,DXGI,0,0,0,Composed: Flip,6882.7324,28.6578,28.4308,0.2270,26.0819,8.1426,6.9611,1.1815,39.8625,24.9977,12.7904,6882.7324,NA,NA,NA
cs2.exe,40188,0x805E6D5A60,DXGI,0,0,0,Composed: Flip,6911.3902,27.4668,27.2416,0.2252,26.7603,7.2855,6.8278,0.4577,36.2024,29.1669,3.6601,6911.3902,NA,NA,NA
cs2.exe,40188,0x805E6D5A60,DXGI,0,0,0,Composed: Flip,6938.8570,27.3011,26.9958,0.3053,26.4696,8.4904,7.8027,0.6877,37.9025,25.0055,-1.7001,6938.8570,NA,NA,NA
cs2.exe,40188,0x805E6D5A60,DXGI,0,0,0,Composed: Flip,6966.1581,25.3702,25.1272,0.2430,24.7524,7.5032,6.8786,0.6246,35.6069,33.3358,2.2956,6966.1581,NA,NA,NA
cs2.exe,40188,0x805E6D5A60,DXGI,0,0,0,Composed: Flip,6991.5283,27.8223,27.5242,0.2981,27.0292,9.7975,9.3536,0.4439,43.5725,29.1820,-7.9656,6991.5283,NA,NA,NA
cs2.exe,40188,0x805E6D5A60,DXGI,0,0,0,Composed: Flip,7019.3506,26.9998,26.6390,0.3608,26.0711,10.3072,9.6698,0.6374,44.9322,20.8537,-1.3597,7019.3506,NA,NA,NA
cs2.exe,40188,0x805E6D5A60,DXGI,0,0,0,Composed: Flip,7046.3504,26.9632,26.7220,0.2412,26.1460,7.9766,7.2445,0.7321,38.7861,33.3118,6.1461,7046.3504,NA,NA,NA
cs2.exe,40188,0x805E6D5A60,DXGI,0,0,0,Composed: Flip,7073.3136,25.4500,25.2152,0.2348,21.1574,15.2573,11.1696,4.0877,45.1347,25.0140,-6.3486,7073.3136,NA,NA,NA
cs2.exe,40188,0x805E6D5A60,DXGI,0,0,0,Composed: Flip,7098.7636,25.9333,25.7329,0.2004,25.4830,10.1295,9.6175,0.5120,44.6987,29.1954,0.4360,7098.7636,NA,NA,NA
cs2.exe,40188,0x805E6D5A60,DXGI,0,0,0,Composed: Flip,7124.6969,26.3422,26.1190,0.2232,25.5331,10.6981,9.8446,0.8535,47.9608,20.8039,-3.2621,7124.6969,NA,NA,NA
cs2.exe,40188,0x805E6D5A60,DXGI,0,0,0,Composed: Flip,7151.0391,25.2223,25.0201,0.2022,24.4539,9.1499,8.8325,0.3174,42.4225,24.9932,5.5383,7151.0391,NA,NA,NA
cs2.exe,40188,0x805E6D5A60,DXGI,0,0,0,Composed: Flip,7176.2614,23.6780,23.5255,0.1525,22.9695,9.9133,9.9064,0.0069,42.1934,25.0083,0.2291,7176.2614,NA,NA,NA
cs2.exe,40188,0x805E6D5A60,DXGI,0,0,0,Composed: Flip,7199.9394,23.9315,23.7418,0.1897,23.4115,9.5200,9.5134,0.0066,43.5237,20.8334,-1.3303,7199.9394,NA,NA,NA
cs2.exe,40188,0x805E6D5A60,DXGI,0,0,0,Composed: Flip,7223.8709,22.0509,21.8766,0.1743,21.6615,7.3821,7.2483,0.1338,40.4256,20.8381,3.0981,7223.8709,NA,NA,NA
cs2.exe,40188,0x805E6D5A60,DXGI,0,0,0,Composed: Flip,7245.9218,22.9764,22.8135,0.1629,22.3062,8.7822,7.9270,0.8552,39.2128,25.0238,1.2128,7245.9218,NA,NA,NA
cs2.exe,40188,0x805E6D5A60,DXGI,0,0,0,Composed: Flip,7268.8982,23.9826,23.8327,0.1499,23.4889,7.5669,7.3429,0.2240,41.2602,24.9985,-2.0474,7268.8982,NA,NA,NA
cs2.exe,40188,0x805E6D5A60,DXGI,0,0,0,Composed: Flip,7292.8808,24.4649,24.2790,0.1859,23.7964,9.1439,8.5596,0.5843,42.2761,25.0219,-1.0159,7292.8808,NA,NA,NA
cs2.exe,40188,0x805E6D5A60,DXGI,0,0,0,Composed: Flip,7317.3457,25.5605,25.3828,0.1777,24.8325,8.5396,8.1969,0.3427,42.8331,25.0105,-0.5570,7317.3457,NA,NA,NA
cs2.exe,40188,0x805E6D5A60,DXGI,0,0,0,Composed: Flip,7342.9062,24.5359,24.3593,0.1766,23.9613,8.8081,8.1844,0.6237,42.2831,24.9833,0.5500,7342.9062,NA,NA,NA
cs2.exe,40188,0x805E6D5A60,DXGI,0,0,0,Composed: Flip,7367.4421,24.2534,24.0885,0.1649,23.6831,7.1540,6.5721,0.5819,42.7305,25.0052,-0.4474,7367.4421,NA,NA,NA
cs2.exe,40188,0x805E6D5A60,DXGI,0,0,0,Composed: Flip,7391.6955,24.9978,24.8282,0.1696,24.6015,7.0207,6.6928,0.3279,43.4823,20.8446,-0.7518,7391.6955,NA,NA,NA
cs2.exe,40188,0x805E6D5A60,DXGI,0,0,0,Composed: Flip,7416.6933,24.8904,24.7205,0.1699,24.2742,6.8290,6.5209,0.3081,39.3291,24.9878,4.1532,7416.6933,NA,NA,NA
cs2.exe,40188,0x805E6D5A60,DXGI,0,0,0,Composed: Flip,7441.5837,24.2800,23.9718,0.3082,23.5004,7.8450,7.5591,0.2859,39.4265,25.0126,-0.0974,7441.5837,NA,NA,NA
cs2.exe,40188,0x805E6D5A60,DXGI,0,0,0,Composed: Flip,7465.8637,23.8231,23.6466,0.1765,23.3703,7.5360,6.6757,0.8603,40.1591,20.8458,-0.7326,7465.8637,NA,NA,NA
cs2.exe,40188,0x805E6D5A60,DXGI,0,0,0,Composed: Flip,7489.6868,23.5950,23.4468,0.1482,23.2039,6.2015,6.0025,0.1990,37.1818,20.8535,2.9773,7489.6868,NA,NA,NA
cs2.exe,40188,0x805E6D5A60,DXGI,0,0,0,Composed: Flip,7513.2818,23.8188,23.6319,0.1869,23.2223,5.5921,5.3172,0.2749,34.4403,33.3313,2.7415,7513.2818,NA,NA,NA
cs2.exe,40188,0x805E6D5A60,DXGI,0,0,0,Composed: Flip,7537.1006,25.1992,24.9710,0.2282,24.3243,8.9253,8.7339,0.1914,43.9528,25.0959,-9.5125,7537.1006,NA,NA,NA
cs2.exe,40188,0x805E6D5A60,DXGI,0,0,0,Composed: Flip,7562.2998,26.0864,25.9098,0.1766,25.5278,7.4762,7.1131,0.3631,43.8495,24.9203,0.1033,7562.2998,NA,NA,NA
cs2.exe,40188,0x805E6D5A60,DXGI,0,0,0,Composed: Flip,7588.3862,25.3893,25.1890,0.2003,24.7321,8.4835,7.7378,0.7457,42.6834,29.1591,1.1661,7588.3862,NA,NA,NA
cs2.exe,40188,0x805E6D5A60,DXGI,0,0,0,Composed: Flip,7613.7755,28.0181,27.8122,0.2059,26.9902,7.8236,6.5940,1.2296,46.4532,20.8358,-3.7698,7613.7755,NA,NA,NA
cs2.exe,40188,0x805E6D5A60,DXGI,0,0,0,Composed: Flip,7641.7936,26.8073,26.5756,0.2317,25.6776,7.9900,7.2069,0.7831,39.2709,20.8573,7.1823,7641.7936,NA,NA,NA
cs2.exe,40188,0x805E6D5A60,DXGI,0,0,0,Composed: Flip,7668.6009,25.5183,25.2790,0.2393,25.0665,6.1513,5.3647,0.7866,33.3209,24.9815,5.9500,7668.6009,NA,NA,NA
cs2.exe,40188,0x805E6D5A60,DXGI,0,0,0,Composed: Flip,7694.1192,25.0568,24.8364,0.2204,24.5319,5.8702,5.3369,0.5333,32.7841,25.0092,0.5368,7694.1192,NA,NA,NA
cs2.exe,40188,0x805E6D5A60,DXGI,0,0,0,Composed: Flip,7719.1760,24.5181,24.3205,0.1976,23.9408,5.8624,5.3806,0.4818,32.7365,24.9938,0.0476,7719.1760,NA,NA,NA
cs2.exe,40188,0x805E6D5A60,DXGI,0,0,0,Composed: Flip,7743.6941,25.1120,24.8950,0.2170,24.4185,6.5771,5.8840,0.6931,33.2122,25.0216,-0.4757,7743.6941,NA,NA,NA
cs2.exe,40188,0x805E6D5A60,DXGI,0,0,0,Composed: Flip,7768.8061,24.5214,24.3147,0.2067,23.5997,6.1962,5.4412,0.7550,33.1218,24.9954,0.0904,7768.8061,NA,NA,NA
cs2.exe,40188,0x805E6D5A60,DXGI,0,0,0,Composed: Flip,7793.3275,25.1859,24.9815,0.2044,24.1996,6.5832,5.4246,1.1586,33.5958,25.0202,-0.4740,7793.3275,NA,NA,NA
cs2.exe,40188,0x805E6D5A60,DXGI,0,0,0,Composed: Flip,7818.5134,23.7487,23.4991,0.2496,23.0466,6.2568,5.4738,0.7830,33.4301,29.1623,0.1657,7818.5134,NA,NA,NA
cs2.exe,40188,0x805E6D5A60,DXGI,0,0,0,Composed: Flip,7842.2621,25.7265,25.4991,0.2274,25.1148,7.2526,6.6126,0.6400,38.8437,20.8685,-5.4136,7842.2621,NA,NA,NA
cs2.exe,40188,0x805E6D5A60,DXGI,0,0,0,Composed: Flip,7867.9886,24.9946,24.7937,0.2009,24.1964,6.0187,5.3423,0.6764,33.9857,24.9668,4.8580,7867.9886,NA,NA,NA
cs2.exe,40188,0x805E6D5A60,DXGI,0,0,0,Composed: Flip,7892.9832,26.3492,26.0760,0.2732,25.9380,6.0447,5.4098,0.6349,33.9579,25.0060,0.0278,7892.9832,NA,NA,NA
cs2.exe,40188,0x805E6D5A60,DXGI,0,0,0,Composed: Flip,7919.3324,25.6214,25.3248,0.2966,25.0475,5.8907,5.3776,0.5131,32.6147,25.0070,1.3432,7919.3324,NA,NA,NA
cs2.exe,40188,0x805E6D5A60,DXGI,0,0,0,Composed: Flip,7944.9538,24.6254,24.3521,0.2733,23.5567,6.2737,5.8350,0.4387,32.0003,25.0046,0.6144,7944.9538,NA,NA,NA
cs2.exe,40188,0x805E6D5A60,DXGI,0,0,0,Composed: Flip,7969.5792,23.6943,23.3546,0.3397,23.0648,5.7658,5.3598,0.4060,32.3795,25.0075,-0.3792,7969.5792,NA,NA,NA
cs2.exe,40188,0x805E6D5A60,DXGI,0,0,0,Composed: Flip,7993.2735,23.0579,22.8420,0.2159,22.1400,6.0451,5.3453,0.6998,33.6927,20.8307,-1.3132,7993.2735,NA,NA,NA
cs2.exe,40188,0x805E6D5A60,DXGI,0,0,0,Composed: Flip,8016.3314,24.4200,24.2069,0.2131,23.6892,5.7728,5.3190,0.4538,31.4655,24.9945,2.2272,8016.3314,NA,NA,NA
cs2.exe,40188,0x805E6D5A60,DXGI,0,0,0,Composed: Flip,8040.7514,23.1375,22.9617,0.1758,22.7849,5.6236,5.3735,0.2501,32.0400,29.1674,-0.5745,8040.7514,NA,NA,NA
cs2.exe,40188,0x805E6D5A60,DXGI,0,0,0,Composed: Flip,8063.8889,22.9868,22.8273,0.1595,22.6715,7.2063,7.0368,0.1695,38.0699,16.6712,-6.0299,8063.8889,NA,NA,NA
cs2.exe,40188,0x805E6D5A60,DXGI,0,0,0,Composed: Flip,8086.8757,22.3012,22.1309,0.1703,21.8462,5.8140,5.2692,0.5448,31.7543,20.8465,6.3156,8086.8757,NA,NA,NA
cs2.exe,40188,0x805E6D5A60,DXGI,0,0,0,Composed: Flip,8109.1769,22.7317,22.5424,0.1893,22.1987,6.1066,5.9756,0.1310,30.2996,25.0074,1.4547,8109.1769,NA,NA,NA
cs2.exe,40188,0x805E6D5A60,DXGI,0,0,0,Composed: Flip,8131.9086,22.6180,22.4735,0.1445,22.1941,5.7691,5.6628,0.1063,32.5753,20.8226,-2.2757,8131.9086,NA,NA,NA
cs2.exe,40188,0x805E6D5A60,DXGI,0,0,0,Composed: Flip,8154.5266,22.7627,22.6283,0.1344,22.0620,5.6555,5.2667,0.3888,30.7799,20.8826,1.7954,8154.5266,NA,NA,NA
cs2.exe,40188,0x805E6D5A60,DXGI,0,0,0,Composed: Flip,8177.2893,21.9676,21.8141,0.1535,21.4929,6.2462,6.0544,0.1918,28.8998,24.9574,1.8801,8177.2893,NA,NA,NA
cs2.exe,40188,0x805E6D5A60,DXGI,0,0,0,Composed: Flip,8199.2569,22.7955,22.6792,0.1163,22.4557,5.4736,5.3340,0.1396,31.8896,20.8326,-2.9898,8199.2569,NA,NA,NA
cs2.exe,40188,0x805E6D5A60,DXGI,0,0,0,Composed: Flip,8222.0524,21.9984,21.8537,0.1447,21.4801,5.3676,5.2561,0.1115,29.9267,25.0090,1.9629,8222.0524,NA,NA,NA
cs2.exe,40188,0x805E6D5A60,DXGI,0,0,0,Composed: Flip,8244.0508,22.3818,22.2586,0.1232,21.9871,6.1517,6.0054,0.1463,32.9373,20.8352,-3.0106,8244.0508,NA,NA,NA
cs2.exe,40188,0x805E6D5A60,DXGI,0,0,0,Composed: Flip,8266.4326,22.2274,22.1152,0.1122,21.8212,5.3967,5.2682,0.1285,31.3907,20.8350,1.5466,8266.4326,NA,NA,NA
cs2.exe,40188,0x805E6D5A60,DXGI,0,0,0,Composed: Flip,8288.6600,23.2328,23.1174,0.1154,22.8414,5.3315,5.2527,0.0788,29.9983,25.0058,1.3924,8288.6600,NA,NA,NA
cs2.exe,40188,0x805E6D5A60,DXGI,0,0,0,Composed: Flip,8311.8928,22.8511,22.7462,0.1049,22.4861,6.0573,6.0032,0.0541,31.7713,20.8554,-1.7730,8311.8928,NA,NA,NA
cs2.exe,40188,0x805E6D5A60,DXGI,0,0,0,Composed: Flip,8334.7439,22.1768,22.0709,0.1059,21.6982,5.7056,5.3012,0.4044,29.7756,37.4986,1.9957,8334.7439,NA,NA,NA
cs2.exe,40188,0x805E6D5A60,DXGI,0,0,0,Composed: Flip,8356.9207,24.3616,24.2198,0.1418,23.9590,8.9611,8.8234,0.1377,45.0974,16.6719,-15.3218,8356.9207,NA,NA,NA
cs2.exe,40188,0x805E6D5A60,DXGI,0,0,0,Composed: Flip,8381.2823,23.0836,22.8165,0.2671,22.4960,6.4158,6.4084,0.0074,37.4077,24.9997,7.6897,8381.2823,NA,NA,NA
cs2.exe,40188,0x805E6D5A60,DXGI,0,0,0,Composed: Flip,8404.3659,23.1628,23.0498,0.1130,22.7393,7.1147,6.9837,0.1310,39.3238,25.0041,-1.9161,8404.3659,NA,NA,NA
cs2.exe,40188,0x805E6D5A60,DXGI,0,0,0,Composed: Flip,8427.5287,22.1057,21.9353,0.1704,21.7531,7.8042,7.2961,0.5081,41.1651,20.3504,-1.8413,8427.5287,NA,NA,NA
cs2.exe,40188,0x805E6D5A60,DXGI,0,0,0,Composed: Flip,8449.6344,22.5598,22.4602,0.0996,22.2722,7.2850,7.2669,0.0181,39.4098,21.3237,1.7553,8449.6344,NA,NA,NA
cs2.exe,40188,0x805E6D5A60,DXGI,0,0,0,Composed: Flip,8472.1942,22.9452,22.7504,0.1948,22.4306,7.1549,6.9650,0.1899,38.1737,25.0106,1.2361,8472.1942,NA,NA,NA
cs2.exe,40188,0x805E6D5A60,DXGI,0,0,0,Composed: Flip,8495.1394,23.2004,23.1078,0.0926,22.8603,7.2624,7.1750,0.0874,40.2391,20.3268,-2.0654,8495.1394,NA,NA,NA
cs2.exe,40188,0x805E6D5A60,DXGI,0,0,0,Composed: Flip,8518.3398,22.7809,22.6535,0.1274,22.1650,6.7039,6.1659,0.5380,37.3655,25.5175,2.8736,8518.3398,NA,NA,NA
cs2.exe,40188,0x805E6D5A60,DXGI,0,0,0,Composed: Flip,8541.1207,22.9431,22.8443,0.0988,22.5717,7.6281,7.5345,0.0936,40.1021,20.8313,-2.7366,8541.1207,NA,NA,NA
cs2.exe,40188,0x805E6D5A60,DXGI,0,0,0,Composed: Flip,8564.0638,22.3356,22.2351,0.1005,22.0340,6.4346,6.2234,0.2112,37.9903,25.0001,2.1118,8564.0638,NA,NA,NA
cs2.exe,40188,0x805E6D5A60,DXGI,0,0,0,Composed: Flip,8586.3994,22.1146,21.9895,0.1251,21.7153,6.6463,6.5183,0.1280,40.6548,20.8272,-2.6645,8586.3994,NA,NA,NA
cs2.exe,40188,0x805E6D5A60,DXGI,0,0,0,Composed: Flip,8608.5140,22.7630,22.6145,0.1485,22.2431,8.0481,7.7796,0.2685,39.3674,20.8488,1.2874,8608.5140,NA,NA,NA
cs2.exe,40188,0x805E6D5A60,DXGI,0,0,0,Composed: Flip,8631.2770,22.3525,22.2494,0.1031,22.0401,6.1093,5.9917,0.1176,37.4532,25.0018,1.9142,8631.2770,NA,NA,NA
cs2.exe,40188,0x805E6D5A60,DXGI,0,0,0,Composed: Flip,8653.6295,22.8795,22.7738,0.1057,22.5777,7.3824,6.5589,0.8235,40.1025,25.0230,-2.6493,8653.6295,NA,NA,NA
cs2.exe,40188,0x805E6D5A60,DXGI,0,0,0,Composed: Flip,8676.5090,22.2936,22.1764,0.1172,21.9591,7.9092,7.7792,0.1300,42.2460,20.2956,-2.1435,8676.5090,NA,NA,NA
cs2.exe,40188,0x805E6D5A60,DXGI,0,0,0,Composed: Flip,8698.8026,23.1255,23.0192,0.1063,22.4190,6.2198,5.6762,0.5436,40.2480,13.0242,1.9980,8698.8026,NA,NA,NA
cs2.exe,40188,0x805E6D5A60,DXGI,0,0,0,Composed: Flip,8721.9281,23.1995,23.0331,0.1664,22.7242,5.1477,5.0598,0.0879,30.1467,25.0087,10.1013,8721.9281,NA,NA,NA
cs2.exe,40188,0x805E6D5A60,DXGI,0,0,0,Composed: Flip,8745.1276,22.5888,22.4712,0.1176,22.2088,5.7898,5.6792,0.1106,31.9559,20.8374,-1.8092,8745.1276,NA,NA,NA
cs2.exe,40188,0x805E6D5A60,DXGI,0,0,0,Composed: Flip,8767.7164,22.3374,22.1508,0.1866,21.8537,5.2328,5.0564,0.1764,30.2045,20.8483,1.7514,8767.7164,NA,NA,NA
cs2.exe,40188,0x805E6D5A60,DXGI,0,0,0,Composed: Flip,8790.0538,22.4872,22.3327,0.1545,22.0860,5.1576,5.0409,0.1167,28.7154,25.0051,1.4891,8790.0538,NA,NA,NA
cs2.exe,40188,0x805E6D5A60,DXGI,0,0,0,Composed: Flip,8812.5410,22.9186,22.7615,0.1571,22.5036,5.9656,5.8214,0.1442,31.2333,25.0092,-2.5179,8812.5410,NA,NA,NA
cs2.exe,40188,0x805E6D5A60,DXGI,0,0,0,Composed: Flip,8835.4596,22.3317,22.1747,0.1570,21.9005,5.5529,5.4345,0.1184,33.3239,20.8470,-2.0906,8835.4596,NA,NA,NA
cs2.exe,40188,0x805E6D5A60,DXGI,0,0,0,Composed: Flip,8857.7913,22.7873,22.6537,0.1336,22.4341,5.3310,5.1177,0.2133,31.8392,20.8139,1.4847,8857.7913,NA,NA,NA
cs2.exe,40188,0x805E6D5A60,DXGI,0,0,0,Composed: Flip,8880.5786,21.2456,21.1158,0.1298,20.7797,6.2069,5.7857,0.4212,29.8658,20.8488,1.9734,8880.5786,NA,NA,NA
cs2.exe,40188,0x805E6D5A60,DXGI,0,0,0,Composed: Flip,8901.8242,22.0470,21.9142,0.1328,21.7591,5.1910,5.0699,0.1211,29.4690,20.8226,0.3968,8901.8242,NA,NA,NA
cs2.exe,40188,0x805E6D5A60,DXGI,0,0,0,Composed: Flip,8923.8712,22.3368,22.2051,0.1317,21.9573,5.1801,5.0248,0.1553,28.2446,25.0163,1.2244,8923.8712,NA,NA,NA
cs2.exe,40188,0x805E6D5A60,DXGI,0,0,0,Composed: Flip,8946.2080,21.9619,21.8408,0.1211,21.5874,5.8793,5.8051,0.0742,30.9241,20.8419,-2.6795,8946.2080,NA,NA,NA
cs2.exe,40188,0x805E6D5A60,DXGI,0,0,0,Composed: Flip,8968.1699,21.6390,21.4928,0.1462,21.1594,5.1158,5.0799,0.0359,29.8041,20.8212,1.1200,8968.1699,NA,NA,NA
cs2.exe,40188,0x805E6D5A60,DXGI,0,0,0,Composed: Flip,8989.8089,21.5760,21.4693,0.1067,21.2362,5.1636,5.0526,0.1110,28.9863,25.0131,0.8178,8989.8089,NA,NA,NA
cs2.exe,40188,0x805E6D5A60,DXGI,0,0,0,Composed: Flip,9011.3849,22.2071,22.1004,0.1067,21.8588,5.9481,5.7967,0.1514,32.4234,20.8285,-3.4371,9011.3849,NA,NA,NA
cs2.exe,40188,0x805E6D5A60,DXGI,0,0,0,Composed: Flip,9033.5920,22.3458,22.2330,0.1128,21.9538,5.6018,5.4738,0.1280,31.0448,20.8348,1.3786,9033.5920,NA,NA,NA
cs2.exe,40188,0x805E6D5A60,DXGI,0,0,0,Composed: Flip,9055.9378,22.7879,22.6784,0.1095,22.1017,5.4673,5.0331,0.4342,29.5338,25.0123,1.5110,9055.9378,NA,NA,NA
cs2.exe,40188,0x805E6D5A60,DXGI,0,0,0,Composed: Flip,9078.7257,21.1110,20.9715,0.1395,20.7405,6.0554,5.8000,0.2554,31.7582,16.6705,-2.2244,9078.7257,NA,NA,NA
cs2.exe,40188,0x805E6D5A60,DXGI,0,0,0,Composed: Flip,9099.8367,21.0025,20.8882,0.1143,20.7355,5.2283,5.0537,0.1746,27.3177,25.0058,4.4405,9099.8367,NA,NA,NA
cs2.exe,40188,0x805E6D5A60,DXGI,0,0,0,Composed: Flip,9120.8392,21.6707,21.5520,0.1187,21.3068,5.1919,5.0635,0.1284,31.3210,20.8322,-4.0033,9120.8392,NA,NA,NA
cs2.exe,40188,0x805E6D5A60,DXGI,0,0,0,Composed: Flip,9142.5099,22.1641,21.9300,0.2341,21.6163,5.8310,5.7449,0.0861,30.4825,20.8440,0.8385,9142.5099,NA,NA,NA
cs2.exe,40188,0x805E6D5A60,DXGI,0,0,0,Composed: Flip,9164.6740,21.3384,21.2229,0.1155,21.0267,5.1757,5.0804,0.0953,29.1624,25.0050,1.3201,9164.6740,NA,NA,NA
cs2.exe,40188,0x805E6D5A60,DXGI,0,0,0,Composed: Flip,9186.0124,22.9387,22.8324,0.1063,22.5539,5.7709,5.5108,0.2601,32.8290,20.8470,-3.6666,9186.0124,NA,NA,NA
cs2.exe,40188,0x805E6D5A60,DXGI,0,0,0,Composed: Flip,9208.9511,21.7999,21.6918,0.1081,21.3991,5.2451,5.1168,0.1283,30.7373,20.8239,2.0917,9208.9511,NA,NA,NA
cs2.exe,40188,0x805E6D5A60,DXGI,0,0,0,Composed: Flip,9230.7510,20.8210,20.7200,0.1010,20.2714,5.5214,5.1233,0.3981,29.7613,20.8368,0.9760,9230.7510,NA,NA,NA
cs2.exe,40188,0x805E6D5A60,DXGI,0,0,0,Composed: Flip,9251.5720,21.5515,21.2945,0.2570,20.9714,5.1773,5.0477,0.1296,29.7771,20.8300,-0.0158,9251.5720,NA,NA,NA
cs2.exe,40188,0x805E6D5A60,DXGI,0,0,0,Composed: Flip,9273.1235,22.1528,22.0403,0.1125,21.8434,5.1716,5.0745,0.0971,29.0556,25.0163,0.7215,9273.1235,NA,NA,NA
cs2.exe,40188,0x805E6D5A60,DXGI,0,0,0,Composed: Flip,9295.2763,22.2298,22.1201,0.1097,21.9422,5.1584,5.0714,0.0870,31.9191,20.8410,-2.8635,9295.2763,NA,NA,NA
cs2.exe,40188,0x805E6D5A60,DXGI,0,0,0,Composed: Flip,9317.5061,22.2993,22.0135,0.2858,21.7131,5.1890,5.0537,0.1353,30.5303,20.8287,1.3888,9317.5061,NA,NA,NA
cs2.exe,40188,0x805E6D5A60,DXGI,0,0,0,Composed: Flip,9339.8054,22.0333,21.9207,0.1126,21.6771,5.1624,5.0467,0.1157,29.0597,25.0116,1.4706,9339.8054,NA,NA,NA
cs2.exe,40188,0x805E6D5A60,DXGI,0,0,0,Composed: Flip,9361.8387,22.6256,22.4796,0.1460,22.2017,5.3260,5.1862,0.1398,32.0380,29.1871,-2.9783,9361.8387,NA,NA,NA
cs2.exe,40188,0x805E6D5A60,DXGI,0,0,0,Composed: Flip,9384.4643,24.3989,24.2193,0.1796,24.0719,7.4126,6.9131,0.4995,38.5995,16.6908,-6.5615,9384.4643,NA,NA,NA
cs2.exe,40188,0x805E6D5A60,DXGI,0,0,0,Composed: Flip,9408.8632,23.4401,23.2637,0.1764,22.7970,6.5741,5.9773,0.5968,30.8914,24.9769,7.7081,9408.8632,NA,NA,NA
cs2.exe,40188,0x805E6D5A60,DXGI,0,0,0,Composed: Flip,9432.3033,22.4313,22.2733,0.1580,22.0256,5.4100,5.3195,0.0905,32.4282,20.8450,-1.5368,9432.3033,NA,NA,NA
cs2.exe,40188,0x805E6D5A60,DXGI,0,0,0,Composed: Flip,9454.7346,22.8078,22.6594,0.1484,22.4286,5.2549,5.1925,0.0624,30.8419,25.0054,1.5863,9454.7346,NA,NA,NA
cs2.exe,40188,0x805E6D5A60,DXGI,0,0,0,Composed: Flip,9477.5424,22.0132,21.8459,0.1673,21.4516,6.3650,5.9348,0.4302,33.0395,20.8334,-2.1976,9477.5424,NA,NA,NA
cs2.exe,40188,0x805E6D5A60,DXGI,0,0,0,Composed: Flip,9499.5556,23.6547,23.4997,0.1550,23.4177,5.5357,5.1523,0.3834,31.8597,25.0214,1.1798,9499.5556,NA,NA,NA
cs2.exe,40188,0x805E6D5A60,DXGI,0,0,0,Composed: Flip,9523.2103,25.6502,25.4520,0.1982,25.1886,5.8868,5.1481,0.7387,3